[Licensing::Module] Trying to connect to existing licensing client channel...
[Licensing::IpcConnector] Successfully connected to: "LicenseClient-mateo" at "2026-09-09T17:45:01.1167913Z"
Built from '6000.6/respin/6000.6.0f1-fa21a270ab12' branch; Version is '6000.6.0f1 (f7f8ed4d1e24) revision 16251117'; Using compiler version '194234433'; Build Type 'Release'
OS: 'Windows 10  (10.0.19045) 64bit Core' Language: 'pl' Physical Memory: 32665 MB
BatchMode: 1, IsHumanControllingUs: 0, StartBugReporterOnCrash: 0, Is64bit: 1
System  architecture: x64
Process architecture: x64
Date: 2026-09-09T17:45:01Z
[Licensing::Client] Code 10 while verifying Licensing Client signature (process Id: 25416, path: "D:/Unity Hub/UnityLicensingClient_V1/Unity.Licensing.Client.exe")
[Licensing::Module] LicensingClient has failed validation; ignoring
[Licensing::Client] Handshaking with LicensingClient:
  Version:                 1.18.3+d7ffd15
  Session Id:              913f0bf370af473ca2b1bde0ec848896
  Correlation Id:          0d6fe8e61b21515ed5cb024c28e9b79b
  External correlation Id: 7383862339958299885
  Machine Id:              dG4pfCed+NxOqmlJ/7V75Z65m9k=
[Licensing::Module] Successfully connected to LicensingClient on channel: "LicenseClient-mateo" (connect: 0.00s, validation: 0.00s, handshake: 0.07s)
[Licensing::IpcConnector] Successfully connected to: "LicenseClient-mateo-notifications" at "2026-09-09T17:45:01.1881842Z"
[Licensing::Module] Licensing Background thread has ended after 0.07s

COMMAND LINE ARGUMENTS:
D:\Unity\Hub\Editor\6000.6.0f1\Editor\Unity.exe
-adb2
-batchMode
-noUpm
-name
AssetImportWorkerHW0
-projectPath
D:/Unity/Snake
-logFile
Logs/AssetImportWorkerHW0.log
-srvPort
63076
-parentPid
16624
-analyticsCloudUserId
anonymous
-analyticsCloudProjectId
09fb4082-f846-4671-b947-53ea31098952
-analyticsLocalProjectId
4ef6980bb4847ae419165df2def2aebc
-editorAnalyticsEnabled
1
-cbmEditorLicense
35eb65185f47662592796ddfb8555fa04ba4d28a
-cbmMachineId
dG4pfCed+NxOqmlJ/7V75Z65m9k=
-licensingIpc
LicenseClient-mateo
-noDiagnosticSwitchPersistentStore
-job-worker-count
7
-background-job-worker-count
8
-asset-garbage-collectors
1
-force-d3d12
-name
AssetImport
Successfully changed project path to: D:/Unity/Snake
D:/Unity/Snake
[UnityMemory] Configuration Parameters - Can be set up in boot.config
    "memorysetup-temp-allocator-size-gi-baking-worker=262144"
    "memorysetup-temp-allocator-size-gi-baking-worker=262144"
    "memorysetup-temp-allocator-size-gi-baking-worker=262144"
    "memorysetup-temp-allocator-size-gi-baking-worker=262144"
    "memorysetup-temp-allocator-size-gi-baking-worker=262144"
    "memorysetup-temp-allocator-size-nav-mesh-worker=65536"
    "memorysetup-temp-allocator-size-audio-worker=65536"
    "memorysetup-temp-allocator-size-cloud-worker=32768"
    "memorysetup-temp-allocator-size-gfx=262144"
    "memorysetup-remapper-allocator-initial-capacity=32768"
    "memorysetup-temp-allocator-size-preload-manager=33554432"
    "memorysetup-allocator-temp-initial-block-size-main=262144"
    "memorysetup-allocator-temp-initial-block-size-worker=262144"
    "memorysetup-temp-allocator-size-job-worker=262144"
    "memorysetup-temp-allocator-size-background-worker=32768"
    "memorysetup-bucket-allocator-granularity=16"
    "memorysetup-bucket-allocator-bucket-count=8"
    "memorysetup-bucket-allocator-block-size=33554432"
    "memorysetup-bucket-allocator-block-count=8"
    "memorysetup-main-allocator-block-size=16777216"
    "memorysetup-thread-allocator-block-size=16777216"
    "memorysetup-main-allocator-mimalloc-enabled=1"
    "memorysetup-gfx-main-allocator-block-size=16777216"
    "memorysetup-gfx-thread-allocator-block-size=16777216"
    "memorysetup-cache-allocator-block-size=4194304"
    "memorysetup-typetree-allocator-block-size=2097152"
    "memorysetup-profiler-bucket-allocator-granularity=16"
    "memorysetup-profiler-bucket-allocator-bucket-count=8"
    "memorysetup-profiler-bucket-allocator-block-size=33554432"
    "memorysetup-profiler-bucket-allocator-block-count=8"
    "memorysetup-profiler-allocator-block-size=16777216"
    "memorysetup-profiler-editor-allocator-block-size=1048576"
    "memorysetup-temp-allocator-size-main=16777216"
    "memorysetup-job-temp-allocator-block-size=2097152"
    "memorysetup-job-temp-allocator-block-size-background=1048576"
    "memorysetup-job-temp-allocator-reduction-small-platforms=262144"
Player connection [15036]  Target information:

Player connection [15036]  * "[IP] 192.168.1.11 [Port] 0 [Flags] 2 [Guid] 1456868410 [EditorId] 1456868410 [Version] 1048832 [Id] WindowsEditor(7,DESKTOP-4ABCLUQ) [Debug] 1 [PackageName] WindowsEditor [ProjectName] Editor" 

Player connection [15036] Host joined multi-casting on [225.0.0.222:54997]...
Player connection [15036] Host joined alternative multi-casting on [225.0.0.222:34997]...
JobSystem: Creating JobQueue using job-worker-count value 7
Input System module state changed to: Initialized.
[Physics::Module] Initialized fallback backend.
[Physics::Module] Id: 0xdecafbad
Library Redirect Path: Library/
Initialising UDS system complete:
  - System type: Client
  - Resource namespace: f525778fb7c04b5fc495afa5dfbdfe8b
  - Shared memory size: 1073741824
  - Command buffer id: 1052576
  - Command buffer size: 8192
  - Hashmap size: 4194304
  - Service connected: true
  - Service working directory: Library/DataStore/
[Physics::Module] Selected backend.
[Physics::Module] Name: PhysX
[Physics::Module] Id: 0xf2b8ea05
[Physics::Module] SDK Version: 4.1.2
[Physics::Module] Integration Version: 1.0.0
[Physics::Module] Threading Mode: Multi-Threaded
Refreshing native plugins compatible for Editor in 8.24 ms, found 5 plugins.
Initialize engine version: 6000.6.0f1 (f7f8ed4d1e24)
[EntityIdStore] init: VM path (explicit commit), pageSize=4096, blockCount=1048576, entitiesPerBlock=256, slots reserved=4294967296 bytes
[Subsystems] Discovering subsystems at path D:/Unity/Hub/Editor/6000.6.0f1/Editor/Data/Resources/UnitySubsystems
[Subsystems] Discovering subsystems at path D:/Unity/Snake/Assets
Forcing GfxDevice: Direct3D 12
GfxDevice: creating device client; kGfxThreadingModeNonThreaded
d3d12: failed to query info queue interface (0x80004002).
Direct3D:
    Version:         Direct3D 12 [level 12.2]
    Renderer:        NVIDIA GeForce RTX 2060 (ID=0x1f08)
    Vendor:          NVIDIA
    VRAM:            5955 MB
    App VRAM Budget: 5187 MB
    Driver:          32.0.16.1692
Initialize mono
Mono path[0] = 'D:/Unity/Hub/Editor/6000.6.0f1/Editor/Data/Managed'
Mono path[1] = 'D:/Unity/Hub/Editor/6000.6.0f1/Editor/Data/BCLExtensions/runtime/netstandard2.1'
Mono path[2] = 'D:/Unity/Hub/Editor/6000.6.0f1/Editor/Data/MonoBleedingEdge/lib/mono/unityjit-win32'
Mono config path = 'D:/Unity/Hub/Editor/6000.6.0f1/Editor/Data/MonoBleedingEdge/etc'
Using monoOptions --debugger-agent=transport=dt_socket,embedding=1,server=y,suspend=n,address=127.0.0.1:56796
CodeReloadManager initialized
Begin MonoManager ReloadAssembly
Registering precompiled unity dll's ...
Register platform support module: D:/Unity/Hub/Editor/6000.6.0f1/Editor/Data/PlaybackEngines/WebGLSupport/UnityEditor.WebGL.Extensions.dll
Register platform support module: D:/Unity/Hub/Editor/6000.6.0f1/Editor/Data/PlaybackEngines/WindowsStandaloneSupport/UnityEditor.WindowsStandalone.Extensions.dll
Registered in 0.007163 seconds.
Native extension for WindowsStandalone target not found
Native extension for WebGL target not found
Package Manager log level set to [2]
[Package Manager] Failed to launch server process. Reason: Unity was launched with the -noUpm command-line argument
[Package Manager] Unable to send message (not connected to server process).
[Package Manager] Cannot connect to Unity Package Manager local server
ScheduleIndexationOnStartup MainProcess:False IndexOnStartup:True
Scripting: successfully reloaded assembly
- Finished resetting the current domain, in  1.514 seconds
Domain Reload Profiling: 2894ms
	BeginReloadAssembly (347ms)
	RebuildCommonClasses (11ms)
	RebuildNativeTypeToScriptingClass (41ms)
	initialDomainReloadingComplete (187ms)
	LoadAllAssembliesAndSetupDomain (793ms)
		LoadAssemblies (335ms)
		TypeCache.Refresh (529ms)
			TypeCache.ScanAssembly (498ms)
		AnalyzeDomain (1ms)
	FinalizeReload (1515ms)
		SetupLoadedEditorAssemblies (0ms)
			LogAssemblyErrors (3ms)
			InitializePlatformSupportModulesInManaged (5ms)
			BeforeProcessingInitializeOnLoad (335ms)
			ProcessInitializeOnLoadAttributes (329ms)
			ProcessInitializeOnLoadMethodAttributes (678ms)
Initializing Unity extensions:
[Licensing::Client] Successfully resolved entitlement details
[Licensing::Module] License group:
  Id: 7972567108616-UnityPersXXXX
  Product: Unity Personal
  Type: Assigned
  Expiration: Unlimited
========================================================================
Worker process is ready to serve import requests
Import Worker Mode flag is 0x00
Begin MonoManager ReloadAssembly
'Packages/com.unity.render-pipelines.core/Editor/Deprecated.cs' contains partial class of Unity.Object, exactly 1 of the partial classes needs to be in a file with the same filename. This is to know the one that can be referenced from ie. GameObjects
'Packages/com.unity.render-pipelines.core/Editor/Deprecated.cs' contains partial class of Unity.Object, exactly 1 of the partial classes needs to be in a file with the same filename. This is to know the one that can be referenced from ie. GameObjects
Refreshing native plugins compatible for Editor in 5.37 ms, found 5 plugins.
Native extension for WindowsStandalone target not found
Native extension for WebGL target not found
[Package Manager] Failed to launch server process. Reason: Unity was launched with the -noUpm command-line argument
[Package Manager] Unable to send message (not connected to server process).
[Package Manager] Cannot connect to Unity Package Manager local server
[Package Manager] Failed to launch server process. Reason: Unity was launched with the -noUpm command-line argument
[Package Manager] Unable to send message (not connected to server process).
[Package Manager] Cannot connect to Unity Package Manager local server
ScheduleIndexationOnStartup MainProcess:False IndexOnStartup:True
Scripting: successfully reloaded assembly
- Finished resetting the current domain, in  1.792 seconds
Domain Reload Profiling: 4351ms
	BeginReloadAssembly (520ms)
		DisableScriptedObjects (21ms)
		CreateAndSetChildDomain (56ms)
	RebuildCommonClasses (21ms)
	RebuildNativeTypeToScriptingClass (41ms)
	initialDomainReloadingComplete (161ms)
	LoadAllAssembliesAndSetupDomain (1812ms)
		LoadAssemblies (1008ms)
		TypeCache.Refresh (470ms)
			TypeCache.ScanAssembly (437ms)
		AnalyzeDomain (188ms)
			BuildScriptInfoCaches (172ms)
			ResolveRequiredComponents (13ms)
	FinalizeReload (1795ms)
		SetupLoadedEditorAssemblies (0ms)
			LogAssemblyErrors (3ms)
			InitializePlatformSupportModulesInManaged (4ms)
			BeforeProcessingInitializeOnLoad (263ms)
			ProcessInitializeOnLoadAttributes (626ms)
			ProcessInitializeOnLoadMethodAttributes (468ms)
			AfterProcessingInitializeOnLoad (38ms)
			EditorAssembliesLoaded (4ms)
		AwakeInstancesAfterBackupRestoration (22ms)
AcceleratorClientConnectionCallback - disconnected - :0
Launched and connected shader compiler UnityShaderCompiler.exe after 0.02 seconds
Refreshing native plugins compatible for Editor in 9.37 ms, found 5 plugins.
Unloading 24 Unused Serialized files (Serialized files now loaded: 0)
Unloading 7514 unused Assets / (7.1 MB). Loaded Objects now: 8481.
Memory consumption went from 367.3 MB to 360.2 MB.
Total: 21.996600 ms (FindLiveObjects: 2.415300 ms CreateObjectMapping: 1.267700 ms MarkObjects: 13.129900 ms  DeleteObjects: 4.472200 ms)

========================================================================
Received Prepare
AcceleratorClientConnectionCallback - disconnected - :0
Begin MonoManager ReloadAssembly
'Packages/com.unity.render-pipelines.core/Editor/Deprecated.cs' contains partial class of Unity.Object, exactly 1 of the partial classes needs to be in a file with the same filename. This is to know the one that can be referenced from ie. GameObjects
'Packages/com.unity.render-pipelines.core/Editor/Deprecated.cs' contains partial class of Unity.Object, exactly 1 of the partial classes needs to be in a file with the same filename. This is to know the one that can be referenced from ie. GameObjects
Refreshing native plugins compatible for Editor in 16.63 ms, found 5 plugins.
Native extension for WindowsStandalone target not found
Native extension for WebGL target not found
[Package Manager] Failed to launch server process. Reason: Unity was launched with the -noUpm command-line argument
[Package Manager] Unable to send message (not connected to server process).
[Package Manager] Cannot connect to Unity Package Manager local server
[Package Manager] Failed to launch server process. Reason: Unity was launched with the -noUpm command-line argument
[Package Manager] Unable to send message (not connected to server process).
[Package Manager] Cannot connect to Unity Package Manager local server
ScheduleIndexationOnStartup MainProcess:False IndexOnStartup:True
Scripting: successfully reloaded assembly
- Finished resetting the current domain, in  2.368 seconds
Domain Reload Profiling: 4902ms
	BeginReloadAssembly (712ms)
		DisableScriptedObjects (39ms)
		CreateAndSetChildDomain (117ms)
	RebuildCommonClasses (26ms)
	RebuildNativeTypeToScriptingClass (54ms)
	initialDomainReloadingComplete (232ms)
	LoadAllAssembliesAndSetupDomain (1508ms)
		LoadAssemblies (1295ms)
		TypeCache.Refresh (19ms)
		AnalyzeDomain (20ms)
			ResolveRequiredComponents (13ms)
	FinalizeReload (2370ms)
		SetupLoadedEditorAssemblies (0ms)
			LogAssemblyErrors (5ms)
			InitializePlatformSupportModulesInManaged (5ms)
			BeforeProcessingInitializeOnLoad (364ms)
			ProcessInitializeOnLoadAttributes (850ms)
			ProcessInitializeOnLoadMethodAttributes (312ms)
			AfterProcessingInitializeOnLoad (49ms)
			EditorAssembliesLoaded (4ms)
		AwakeInstancesAfterBackupRestoration (68ms)
Refreshing native plugins compatible for Editor in 10.38 ms, found 5 plugins.
Unloading 24 Unused Serialized files (Serialized files now loaded: 0)
Unloading 7512 unused Assets / (6.8 MB). Loaded Objects now: 8485.
Memory consumption went from 358.0 MB to 351.2 MB.
Total: 27.754700 ms (FindLiveObjects: 2.995000 ms CreateObjectMapping: 1.910000 ms MarkObjects: 16.844300 ms  DeleteObjects: 5.084700 ms)

Prepare: number of updated asset objects reloaded= 0
========================================================================
Received Import Request.
  Time of request: 2026-09-09T17:46:01.5516161Z
  Time since last request: 1150791.13390380004421 seconds.
  importAddress: GUID: e3ea58a0652d0994e90fb113d53cd224 - Path: Assets/Scripts/Snake.cs - Importer: ScriptedImporter/UnityEditor.QuickSearchModule:UnityEditor.Search:ASIAI0B
Importing 'GUID: e3ea58a0652d0994e90fb113d53cd224 - Path: Assets/Scripts/Snake.cs - Importer: ScriptedImporter/UnityEditor.QuickSearchModule:UnityEditor.Search:ASIAI0B' with importer (ScriptedImporter : UnityEditor.QuickSearchModule:UnityEditor.Search:ASIAI0B)
Imported 'GUID: e3ea58a0652d0994e90fb113d53cd224' -> (Import Result ID: '797dc72e21c2e95b1bab9a9fda01e270') in 0.215 seconds [static and dynamic dependencies]. Details - ImportResultOutputID=bac987565c044fbb1415330e00f429de DependenciesID=1fdcb3da89650bc7f409d9ac6d62dbde StaticDependenciesID=f78a2ceebfec267d9ae2fa284d624eb5 
Number of updated asset objects reloaded before import = 0
Number of asset objects unloaded after import = 0
========================================================================
Received Prepare
AcceleratorClientConnectionCallback - disconnected - :0
'Packages/com.unity.render-pipelines.core/Editor/Deprecated.cs' contains partial class of Unity.Object, exactly 1 of the partial classes needs to be in a file with the same filename. This is to know the one that can be referenced from ie. GameObjects
'Packages/com.unity.render-pipelines.core/Editor/Deprecated.cs' contains partial class of Unity.Object, exactly 1 of the partial classes needs to be in a file with the same filename. This is to know the one that can be referenced from ie. GameObjects
Refreshing native plugins compatible for Editor in 13.39 ms, found 5 plugins.
Unloading 24 Unused Serialized files (Serialized files now loaded: 0)
Unloading 7497 unused Assets / (6.3 MB). Loaded Objects now: 8487.
Memory consumption went from 360.8 MB to 354.4 MB.
Total: 32.377700 ms (FindLiveObjects: 3.196300 ms CreateObjectMapping: 2.164900 ms MarkObjects: 20.918300 ms  DeleteObjects: 5.150500 ms)

Prepare: number of updated asset objects reloaded= 0
========================================================================
Received Import Request.
  Time of request: 2026-09-09T18:25:44.9103146Z
  Time since last request: 2383.11272599999984 seconds.
  importAddress: GUID: e3ea58a0652d0994e90fb113d53cd224 - Path: Assets/Scripts/Snake.cs - Importer: ScriptedImporter/UnityEditor.QuickSearchModule:UnityEditor.Search:ASIAI0B
Importing 'GUID: e3ea58a0652d0994e90fb113d53cd224 - Path: Assets/Scripts/Snake.cs - Importer: ScriptedImporter/UnityEditor.QuickSearchModule:UnityEditor.Search:ASIAI0B' with importer (ScriptedImporter : UnityEditor.QuickSearchModule:UnityEditor.Search:ASIAI0B)
Imported 'GUID: e3ea58a0652d0994e90fb113d53cd224' -> (Import Result ID: '7502105cdcd47d627b64a1b002d35e9e') in 0.008 seconds [static and dynamic dependencies]. Details - ImportResultOutputID=55bc82e562c9350f4a18bf814c4d5c45 DependenciesID=5a4eb8b1e8c9c7fb70ab51f0afe617ab StaticDependenciesID=6417b19a56a5bd7ca7d39a8e6fd45832 
Number of updated asset objects reloaded before import = 0
Number of asset objects unloaded after import = 0
========================================================================
Received Import Request.
  Time of request: 2026-09-09T18:25:44.9579691Z
  Time since last request: 0.0011537 seconds.
  importAddress: GUID: d690b05735dc44f478a1b89cd4a78edb - Path: Assets/Scripts/GameAssets.cs - Importer: PreviewImporter
Importing 'GUID: d690b05735dc44f478a1b89cd4a78edb - Path: Assets/Scripts/GameAssets.cs - Importer: PreviewImporter' with importer (PreviewImporter)
Imported 'GUID: d690b05735dc44f478a1b89cd4a78edb' -> (Import Result ID: 'e04c2e781601cb999d53d2890be4c41f') in 0.003 seconds [static and dynamic dependencies]. Details - ImportResultOutputID=62cf88b9ddf353e12224aa0b69237001 DependenciesID=b7ad64042cdd7a85bdeff48ed49b1cad StaticDependenciesID=c5f85e80429450a6b43ba24cca860f30 
Number of updated asset objects reloaded before import = 0
Number of asset objects unloaded after import = 0
========================================================================
Received Prepare
AcceleratorClientConnectionCallback - disconnected - :0
[Licensing::Client] Successfully resolved entitlement details
Begin MonoManager ReloadAssembly
'Packages/com.unity.render-pipelines.core/Editor/Deprecated.cs' contains partial class of Unity.Object, exactly 1 of the partial classes needs to be in a file with the same filename. This is to know the one that can be referenced from ie. GameObjects
'Packages/com.unity.render-pipelines.core/Editor/Deprecated.cs' contains partial class of Unity.Object, exactly 1 of the partial classes needs to be in a file with the same filename. This is to know the one that can be referenced from ie. GameObjects
Refreshing native plugins compatible for Editor in 10.37 ms, found 5 plugins.
Native extension for WindowsStandalone target not found
Native extension for WebGL target not found
[Package Manager] Failed to launch server process. Reason: Unity was launched with the -noUpm command-line argument
[Package Manager] Unable to send message (not connected to server process).
[Package Manager] Cannot connect to Unity Package Manager local server
[Package Manager] Failed to launch server process. Reason: Unity was launched with the -noUpm command-line argument
[Package Manager] Unable to send message (not connected to server process).
[Package Manager] Cannot connect to Unity Package Manager local server
ScheduleIndexationOnStartup MainProcess:False IndexOnStartup:True
Scripting: successfully reloaded assembly
- Finished resetting the current domain, in  3.294 seconds
Domain Reload Profiling: 10796ms
	BeginReloadAssembly (1280ms)
		DisableScriptedObjects (65ms)
		CreateAndSetChildDomain (156ms)
	RebuildCommonClasses (27ms)
	RebuildNativeTypeToScriptingClass (189ms)
	initialDomainReloadingComplete (221ms)
	LoadAllAssembliesAndSetupDomain (5783ms)
		LoadAssemblies (5108ms)
		TypeCache.Refresh (37ms)
		AnalyzeDomain (669ms)
			BuildScriptInfoCaches (651ms)
			ResolveRequiredComponents (14ms)
	FinalizeReload (3297ms)
		SetupLoadedEditorAssemblies (0ms)
			LogAssemblyErrors (7ms)
			InitializePlatformSupportModulesInManaged (10ms)
			BeforeProcessingInitializeOnLoad (567ms)
			ProcessInitializeOnLoadAttributes (1131ms)
			ProcessInitializeOnLoadMethodAttributes (460ms)
			AfterProcessingInitializeOnLoad (67ms)
			EditorAssembliesLoaded (7ms)
		AwakeInstancesAfterBackupRestoration (94ms)
Refreshing native plugins compatible for Editor in 13.68 ms, found 5 plugins.
Unloading 24 Unused Serialized files (Serialized files now loaded: 0)
Unloading 7512 unused Assets / (6.1 MB). Loaded Objects now: 8490.
Memory consumption went from 367.4 MB to 361.3 MB.
Total: 28.478200 ms (FindLiveObjects: 2.335300 ms CreateObjectMapping: 1.874700 ms MarkObjects: 17.935800 ms  DeleteObjects: 5.503000 ms)

Prepare: number of updated asset objects reloaded= 0
========================================================================
Received Prepare
AcceleratorClientConnectionCallback - disconnected - :0
'Packages/com.unity.render-pipelines.core/Editor/Deprecated.cs' contains partial class of Unity.Object, exactly 1 of the partial classes needs to be in a file with the same filename. This is to know the one that can be referenced from ie. GameObjects
'Packages/com.unity.render-pipelines.core/Editor/Deprecated.cs' contains partial class of Unity.Object, exactly 1 of the partial classes needs to be in a file with the same filename. This is to know the one that can be referenced from ie. GameObjects
Refreshing native plugins compatible for Editor in 17.73 ms, found 5 plugins.
Unloading 24 Unused Serialized files (Serialized files now loaded: 0)
Unloading 7497 unused Assets / (6.4 MB). Loaded Objects now: 8490.
Memory consumption went from 369.3 MB to 362.9 MB.
Total: 45.188800 ms (FindLiveObjects: 3.310200 ms CreateObjectMapping: 3.035300 ms MarkObjects: 30.407800 ms  DeleteObjects: 7.078900 ms)

Prepare: number of updated asset objects reloaded= 0
========================================================================
Received Prepare
AcceleratorClientConnectionCallback - disconnected - :0
[Licensing::Client] Successfully resolved entitlement details
Begin MonoManager ReloadAssembly
'Packages/com.unity.render-pipelines.core/Editor/Deprecated.cs' contains partial class of Unity.Object, exactly 1 of the partial classes needs to be in a file with the same filename. This is to know the one that can be referenced from ie. GameObjects
'Packages/com.unity.render-pipelines.core/Editor/Deprecated.cs' contains partial class of Unity.Object, exactly 1 of the partial classes needs to be in a file with the same filename. This is to know the one that can be referenced from ie. GameObjects
Refreshing native plugins compatible for Editor in 15.83 ms, found 5 plugins.
Native extension for WindowsStandalone target not found
Native extension for WebGL target not found
[Package Manager] Failed to launch server process. Reason: Unity was launched with the -noUpm command-line argument
[Package Manager] Unable to send message (not connected to server process).
[Package Manager] Cannot connect to Unity Package Manager local server
[Package Manager] Failed to launch server process. Reason: Unity was launched with the -noUpm command-line argument
[Package Manager] Unable to send message (not connected to server process).
[Package Manager] Cannot connect to Unity Package Manager local server
ScheduleIndexationOnStartup MainProcess:False IndexOnStartup:True
Scripting: successfully reloaded assembly
- Finished resetting the current domain, in  3.415 seconds
Domain Reload Profiling: 8665ms
	BeginReloadAssembly (1276ms)
		DisableScriptedObjects (87ms)
		CreateAndSetChildDomain (209ms)
	RebuildCommonClasses (28ms)
	RebuildNativeTypeToScriptingClass (71ms)
	initialDomainReloadingComplete (388ms)
	LoadAllAssembliesAndSetupDomain (3483ms)
		LoadAssemblies (2479ms)
		TypeCache.Refresh (39ms)
		AnalyzeDomain (812ms)
			BuildScriptInfoCaches (790ms)
			ResolveRequiredComponents (17ms)
	FinalizeReload (3420ms)
		SetupLoadedEditorAssemblies (0ms)
			LogAssemblyErrors (6ms)
			InitializePlatformSupportModulesInManaged (11ms)
			BeforeProcessingInitializeOnLoad (597ms)
			ProcessInitializeOnLoadAttributes (1181ms)
			ProcessInitializeOnLoadMethodAttributes (472ms)
			AfterProcessingInitializeOnLoad (74ms)
			EditorAssembliesLoaded (8ms)
		AwakeInstancesAfterBackupRestoration (112ms)
Refreshing native plugins compatible for Editor in 11.67 ms, found 5 plugins.
Unloading 24 Unused Serialized files (Serialized files now loaded: 0)
Unloading 7512 unused Assets / (6.8 MB). Loaded Objects now: 8493.
Memory consumption went from 375.6 MB to 368.8 MB.
Total: 27.000200 ms (FindLiveObjects: 2.178400 ms CreateObjectMapping: 1.615200 ms MarkObjects: 16.734000 ms  DeleteObjects: 5.568900 ms)

Prepare: number of updated asset objects reloaded= 0
========================================================================
Received Prepare
AcceleratorClientConnectionCallback - disconnected - :0
'Packages/com.unity.render-pipelines.core/Editor/Deprecated.cs' contains partial class of Unity.Object, exactly 1 of the partial classes needs to be in a file with the same filename. This is to know the one that can be referenced from ie. GameObjects
'Packages/com.unity.render-pipelines.core/Editor/Deprecated.cs' contains partial class of Unity.Object, exactly 1 of the partial classes needs to be in a file with the same filename. This is to know the one that can be referenced from ie. GameObjects
Refreshing native plugins compatible for Editor in 17.54 ms, found 5 plugins.
Unloading 24 Unused Serialized files (Serialized files now loaded: 0)
Unloading 7497 unused Assets / (7.8 MB). Loaded Objects now: 8493.
Memory consumption went from 377.5 MB to 369.7 MB.
Total: 48.034300 ms (FindLiveObjects: 3.047700 ms CreateObjectMapping: 2.108700 ms MarkObjects: 31.849100 ms  DeleteObjects: 9.706500 ms)

Prepare: number of updated asset objects reloaded= 0
========================================================================
Received Prepare
AcceleratorClientConnectionCallback - disconnected - :0
[Licensing::Client] Successfully resolved entitlement details
Begin MonoManager ReloadAssembly
'Packages/com.unity.render-pipelines.core/Editor/Deprecated.cs' contains partial class of Unity.Object, exactly 1 of the partial classes needs to be in a file with the same filename. This is to know the one that can be referenced from ie. GameObjects
'Packages/com.unity.render-pipelines.core/Editor/Deprecated.cs' contains partial class of Unity.Object, exactly 1 of the partial classes needs to be in a file with the same filename. This is to know the one that can be referenced from ie. GameObjects
Refreshing native plugins compatible for Editor in 8.64 ms, found 5 plugins.
Native extension for WindowsStandalone target not found
Native extension for WebGL target not found
[Package Manager] Failed to launch server process. Reason: Unity was launched with the -noUpm command-line argument
[Package Manager] Unable to send message (not connected to server process).
[Package Manager] Cannot connect to Unity Package Manager local server
[Package Manager] Failed to launch server process. Reason: Unity was launched with the -noUpm command-line argument
[Package Manager] Unable to send message (not connected to server process).
[Package Manager] Cannot connect to Unity Package Manager local server
ScheduleIndexationOnStartup MainProcess:False IndexOnStartup:True
Scripting: successfully reloaded assembly
- Finished resetting the current domain, in  2.897 seconds
Domain Reload Profiling: 7727ms
	BeginReloadAssembly (1253ms)
		DisableScriptedObjects (91ms)
		CreateAndSetChildDomain (207ms)
	RebuildCommonClasses (41ms)
	RebuildNativeTypeToScriptingClass (83ms)
	initialDomainReloadingComplete (413ms)
	LoadAllAssembliesAndSetupDomain (3037ms)
		LoadAssemblies (2155ms)
		TypeCache.Refresh (39ms)
		AnalyzeDomain (689ms)
			BuildScriptInfoCaches (669ms)
			ResolveRequiredComponents (15ms)
	FinalizeReload (2901ms)
		SetupLoadedEditorAssemblies (0ms)
			LogAssemblyErrors (7ms)
			InitializePlatformSupportModulesInManaged (9ms)
			BeforeProcessingInitializeOnLoad (507ms)
			ProcessInitializeOnLoadAttributes (1076ms)
			ProcessInitializeOnLoadMethodAttributes (300ms)
			AfterProcessingInitializeOnLoad (54ms)
			EditorAssembliesLoaded (6ms)
		AwakeInstancesAfterBackupRestoration (88ms)
Refreshing native plugins compatible for Editor in 14.85 ms, found 5 plugins.
Unloading 24 Unused Serialized files (Serialized files now loaded: 0)
Unloading 7512 unused Assets / (6.9 MB). Loaded Objects now: 8496.
Memory consumption went from 382.6 MB to 375.7 MB.
Total: 33.711100 ms (FindLiveObjects: 3.698500 ms CreateObjectMapping: 2.071400 ms MarkObjects: 18.905500 ms  DeleteObjects: 7.964600 ms)

Prepare: number of updated asset objects reloaded= 0
========================================================================
Received Prepare
AcceleratorClientConnectionCallback - disconnected - :0
'Packages/com.unity.render-pipelines.core/Editor/Deprecated.cs' contains partial class of Unity.Object, exactly 1 of the partial classes needs to be in a file with the same filename. This is to know the one that can be referenced from ie. GameObjects
'Packages/com.unity.render-pipelines.core/Editor/Deprecated.cs' contains partial class of Unity.Object, exactly 1 of the partial classes needs to be in a file with the same filename. This is to know the one that can be referenced from ie. GameObjects
Refreshing native plugins compatible for Editor in 10.80 ms, found 5 plugins.
Unloading 24 Unused Serialized files (Serialized files now loaded: 0)
Unloading 7497 unused Assets / (6.3 MB). Loaded Objects now: 8496.
Memory consumption went from 384.5 MB to 378.2 MB.
Total: 24.851800 ms (FindLiveObjects: 2.383600 ms CreateObjectMapping: 1.624300 ms MarkObjects: 15.882200 ms  DeleteObjects: 4.187200 ms)

Prepare: number of updated asset objects reloaded= 0
========================================================================
Received Prepare
AcceleratorClientConnectionCallback - disconnected - :0
[Licensing::Client] Successfully resolved entitlement details
Begin MonoManager ReloadAssembly
'Packages/com.unity.render-pipelines.core/Editor/Deprecated.cs' contains partial class of Unity.Object, exactly 1 of the partial classes needs to be in a file with the same filename. This is to know the one that can be referenced from ie. GameObjects
'Packages/com.unity.render-pipelines.core/Editor/Deprecated.cs' contains partial class of Unity.Object, exactly 1 of the partial classes needs to be in a file with the same filename. This is to know the one that can be referenced from ie. GameObjects
Refreshing native plugins compatible for Editor in 17.29 ms, found 5 plugins.
Native extension for WindowsStandalone target not found
Native extension for WebGL target not found
[Package Manager] Failed to launch server process. Reason: Unity was launched with the -noUpm command-line argument
[Package Manager] Unable to send message (not connected to server process).
[Package Manager] Cannot connect to Unity Package Manager local server
[Package Manager] Failed to launch server process. Reason: Unity was launched with the -noUpm command-line argument
[Package Manager] Unable to send message (not connected to server process).
[Package Manager] Cannot connect to Unity Package Manager local server
ScheduleIndexationOnStartup MainProcess:False IndexOnStartup:True
Scripting: successfully reloaded assembly
- Finished resetting the current domain, in  3.522 seconds
Domain Reload Profiling: 9303ms
	BeginReloadAssembly (1416ms)
		DisableScriptedObjects (81ms)
		CreateAndSetChildDomain (254ms)
	RebuildCommonClasses (37ms)
	RebuildNativeTypeToScriptingClass (78ms)
	initialDomainReloadingComplete (525ms)
	LoadAllAssembliesAndSetupDomain (3723ms)
		LoadAssemblies (2355ms)
		TypeCache.Refresh (46ms)
		AnalyzeDomain (954ms)
			BuildScriptInfoCaches (927ms)
			ResolveRequiredComponents (21ms)
	FinalizeReload (3525ms)
		SetupLoadedEditorAssemblies (0ms)
			LogAssemblyErrors (13ms)
			InitializePlatformSupportModulesInManaged (9ms)
			BeforeProcessingInitializeOnLoad (562ms)
			ProcessInitializeOnLoadAttributes (1293ms)
			ProcessInitializeOnLoadMethodAttributes (494ms)
			AfterProcessingInitializeOnLoad (67ms)
			EditorAssembliesLoaded (7ms)
		AwakeInstancesAfterBackupRestoration (95ms)
Refreshing native plugins compatible for Editor in 14.32 ms, found 5 plugins.
Unloading 24 Unused Serialized files (Serialized files now loaded: 0)
Unloading 7512 unused Assets / (6.3 MB). Loaded Objects now: 8499.
Memory consumption went from 389.5 MB to 383.2 MB.
Total: 30.361700 ms (FindLiveObjects: 2.799500 ms CreateObjectMapping: 1.953500 ms MarkObjects: 18.667700 ms  DeleteObjects: 5.714900 ms)

Prepare: number of updated asset objects reloaded= 0
========================================================================
Received Prepare
AcceleratorClientConnectionCallback - disconnected - :0
'Packages/com.unity.render-pipelines.core/Editor/Deprecated.cs' contains partial class of Unity.Object, exactly 1 of the partial classes needs to be in a file with the same filename. This is to know the one that can be referenced from ie. GameObjects
'Packages/com.unity.render-pipelines.core/Editor/Deprecated.cs' contains partial class of Unity.Object, exactly 1 of the partial classes needs to be in a file with the same filename. This is to know the one that can be referenced from ie. GameObjects
Refreshing native plugins compatible for Editor in 14.41 ms, found 5 plugins.
Unloading 24 Unused Serialized files (Serialized files now loaded: 0)
Unloading 7497 unused Assets / (6.5 MB). Loaded Objects now: 8499.
Memory consumption went from 391.5 MB to 384.9 MB.
Total: 35.155000 ms (FindLiveObjects: 2.643400 ms CreateObjectMapping: 1.895700 ms MarkObjects: 23.935700 ms  DeleteObjects: 5.657100 ms)

Prepare: number of updated asset objects reloaded= 0
========================================================================
Received Prepare
AcceleratorClientConnectionCallback - disconnected - :0
[Licensing::Client] Successfully resolved entitlement details
Begin MonoManager ReloadAssembly
'Packages/com.unity.render-pipelines.core/Editor/Deprecated.cs' contains partial class of Unity.Object, exactly 1 of the partial classes needs to be in a file with the same filename. This is to know the one that can be referenced from ie. GameObjects
'Packages/com.unity.render-pipelines.core/Editor/Deprecated.cs' contains partial class of Unity.Object, exactly 1 of the partial classes needs to be in a file with the same filename. This is to know the one that can be referenced from ie. GameObjects
Refreshing native plugins compatible for Editor in 10.15 ms, found 5 plugins.
Native extension for WindowsStandalone target not found
Native extension for WebGL target not found
[Package Manager] Failed to launch server process. Reason: Unity was launched with the -noUpm command-line argument
[Package Manager] Unable to send message (not connected to server process).
[Package Manager] Cannot connect to Unity Package Manager local server
[Package Manager] Failed to launch server process. Reason: Unity was launched with the -noUpm command-line argument
[Package Manager] Unable to send message (not connected to server process).
[Package Manager] Cannot connect to Unity Package Manager local server
ScheduleIndexationOnStartup MainProcess:False IndexOnStartup:True
Scripting: successfully reloaded assembly
- Finished resetting the current domain, in  2.437 seconds
Domain Reload Profiling: 6747ms
	BeginReloadAssembly (1212ms)
		DisableScriptedObjects (89ms)
		CreateAndSetChildDomain (208ms)
	RebuildCommonClasses (33ms)
	RebuildNativeTypeToScriptingClass (61ms)
	initialDomainReloadingComplete (355ms)
	LoadAllAssembliesAndSetupDomain (2647ms)
		LoadAssemblies (1826ms)
		TypeCache.Refresh (44ms)
		AnalyzeDomain (619ms)
			BuildScriptInfoCaches (597ms)
			ResolveRequiredComponents (16ms)
	FinalizeReload (2439ms)
		SetupLoadedEditorAssemblies (0ms)
			LogAssemblyErrors (5ms)
			InitializePlatformSupportModulesInManaged (8ms)
			BeforeProcessingInitializeOnLoad (434ms)
			ProcessInitializeOnLoadAttributes (882ms)
			ProcessInitializeOnLoadMethodAttributes (286ms)
			AfterProcessingInitializeOnLoad (47ms)
			EditorAssembliesLoaded (5ms)
		AwakeInstancesAfterBackupRestoration (64ms)
Refreshing native plugins compatible for Editor in 12.51 ms, found 5 plugins.
Unloading 24 Unused Serialized files (Serialized files now loaded: 0)
Unloading 7512 unused Assets / (6.4 MB). Loaded Objects now: 8502.
Memory consumption went from 397.3 MB to 390.8 MB.
Total: 25.511700 ms (FindLiveObjects: 2.892000 ms CreateObjectMapping: 1.670300 ms MarkObjects: 15.575500 ms  DeleteObjects: 4.557500 ms)

Prepare: number of updated asset objects reloaded= 0
========================================================================
Received Prepare
AcceleratorClientConnectionCallback - disconnected - :0
'Packages/com.unity.render-pipelines.core/Editor/Deprecated.cs' contains partial class of Unity.Object, exactly 1 of the partial classes needs to be in a file with the same filename. This is to know the one that can be referenced from ie. GameObjects
'Packages/com.unity.render-pipelines.core/Editor/Deprecated.cs' contains partial class of Unity.Object, exactly 1 of the partial classes needs to be in a file with the same filename. This is to know the one that can be referenced from ie. GameObjects
Refreshing native plugins compatible for Editor in 8.03 ms, found 5 plugins.
Unloading 24 Unused Serialized files (Serialized files now loaded: 0)
Unloading 7497 unused Assets / (6.7 MB). Loaded Objects now: 8502.
Memory consumption went from 399.2 MB to 392.5 MB.
Total: 22.140500 ms (FindLiveObjects: 2.069900 ms CreateObjectMapping: 1.210300 ms MarkObjects: 13.972900 ms  DeleteObjects: 4.219400 ms)

Prepare: number of updated asset objects reloaded= 0
========================================================================
Received Prepare
AcceleratorClientConnectionCallback - disconnected - :0
[Licensing::Client] Successfully resolved entitlement details
Begin MonoManager ReloadAssembly
'Packages/com.unity.render-pipelines.core/Editor/Deprecated.cs' contains partial class of Unity.Object, exactly 1 of the partial classes needs to be in a file with the same filename. This is to know the one that can be referenced from ie. GameObjects
'Packages/com.unity.render-pipelines.core/Editor/Deprecated.cs' contains partial class of Unity.Object, exactly 1 of the partial classes needs to be in a file with the same filename. This is to know the one that can be referenced from ie. GameObjects
Refreshing native plugins compatible for Editor in 8.35 ms, found 5 plugins.
Native extension for WindowsStandalone target not found
Native extension for WebGL target not found
[Package Manager] Failed to launch server process. Reason: Unity was launched with the -noUpm command-line argument
[Package Manager] Unable to send message (not connected to server process).
[Package Manager] Cannot connect to Unity Package Manager local server
[Package Manager] Failed to launch server process. Reason: Unity was launched with the -noUpm command-line argument
[Package Manager] Unable to send message (not connected to server process).
[Package Manager] Cannot connect to Unity Package Manager local server
ScheduleIndexationOnStartup MainProcess:False IndexOnStartup:True
Scripting: successfully reloaded assembly
- Finished resetting the current domain, in  2.143 seconds
Domain Reload Profiling: 5506ms
	BeginReloadAssembly (835ms)
		DisableScriptedObjects (49ms)
		CreateAndSetChildDomain (142ms)
	RebuildCommonClasses (34ms)
	RebuildNativeTypeToScriptingClass (64ms)
	initialDomainReloadingComplete (262ms)
	LoadAllAssembliesAndSetupDomain (2167ms)
		LoadAssemblies (1474ms)
		TypeCache.Refresh (24ms)
		AnalyzeDomain (556ms)
			BuildScriptInfoCaches (537ms)
			ResolveRequiredComponents (14ms)
	FinalizeReload (2145ms)
		SetupLoadedEditorAssemblies (0ms)
			LogAssemblyErrors (4ms)
			InitializePlatformSupportModulesInManaged (5ms)
			BeforeProcessingInitializeOnLoad (306ms)
			ProcessInitializeOnLoadAttributes (836ms)
			ProcessInitializeOnLoadMethodAttributes (253ms)
			AfterProcessingInitializeOnLoad (41ms)
			EditorAssembliesLoaded (4ms)
		AwakeInstancesAfterBackupRestoration (57ms)
Refreshing native plugins compatible for Editor in 7.53 ms, found 5 plugins.
Unloading 24 Unused Serialized files (Serialized files now loaded: 0)
Unloading 7512 unused Assets / (6.2 MB). Loaded Objects now: 8505.
Memory consumption went from 404.5 MB to 398.3 MB.
Total: 18.331000 ms (FindLiveObjects: 2.169600 ms CreateObjectMapping: 1.139600 ms MarkObjects: 11.098800 ms  DeleteObjects: 3.318500 ms)

Prepare: number of updated asset objects reloaded= 0
========================================================================
Received Prepare
AcceleratorClientConnectionCallback - disconnected - :0
'Packages/com.unity.render-pipelines.core/Editor/Deprecated.cs' contains partial class of Unity.Object, exactly 1 of the partial classes needs to be in a file with the same filename. This is to know the one that can be referenced from ie. GameObjects
'Packages/com.unity.render-pipelines.core/Editor/Deprecated.cs' contains partial class of Unity.Object, exactly 1 of the partial classes needs to be in a file with the same filename. This is to know the one that can be referenced from ie. GameObjects
Refreshing native plugins compatible for Editor in 11.88 ms, found 5 plugins.
Unloading 24 Unused Serialized files (Serialized files now loaded: 0)
Unloading 7497 unused Assets / (6.1 MB). Loaded Objects now: 8505.
Memory consumption went from 406.4 MB to 400.4 MB.
Total: 29.359300 ms (FindLiveObjects: 3.028700 ms CreateObjectMapping: 1.648900 ms MarkObjects: 19.206100 ms  DeleteObjects: 4.588500 ms)

Prepare: number of updated asset objects reloaded= 0
========================================================================
Received Prepare
AcceleratorClientConnectionCallback - disconnected - :0
[Licensing::Client] Successfully resolved entitlement details
Begin MonoManager ReloadAssembly
'Packages/com.unity.render-pipelines.core/Editor/Deprecated.cs' contains partial class of Unity.Object, exactly 1 of the partial classes needs to be in a file with the same filename. This is to know the one that can be referenced from ie. GameObjects
'Packages/com.unity.render-pipelines.core/Editor/Deprecated.cs' contains partial class of Unity.Object, exactly 1 of the partial classes needs to be in a file with the same filename. This is to know the one that can be referenced from ie. GameObjects
Refreshing native plugins compatible for Editor in 10.24 ms, found 5 plugins.
Native extension for WindowsStandalone target not found
Native extension for WebGL target not found
[Package Manager] Failed to launch server process. Reason: Unity was launched with the -noUpm command-line argument
[Package Manager] Unable to send message (not connected to server process).
[Package Manager] Cannot connect to Unity Package Manager local server
[Package Manager] Failed to launch server process. Reason: Unity was launched with the -noUpm command-line argument
[Package Manager] Unable to send message (not connected to server process).
[Package Manager] Cannot connect to Unity Package Manager local server
ScheduleIndexationOnStartup MainProcess:False IndexOnStartup:True
Scripting: successfully reloaded assembly
- Finished resetting the current domain, in  2.810 seconds
Domain Reload Profiling: 6917ms
	BeginReloadAssembly (1095ms)
		DisableScriptedObjects (69ms)
		CreateAndSetChildDomain (168ms)
	RebuildCommonClasses (33ms)
	RebuildNativeTypeToScriptingClass (63ms)
	initialDomainReloadingComplete (271ms)
	LoadAllAssembliesAndSetupDomain (2642ms)
		LoadAssemblies (1735ms)
		TypeCache.Refresh (34ms)
		AnalyzeDomain (692ms)
			BuildScriptInfoCaches (666ms)
			ResolveRequiredComponents (21ms)
	FinalizeReload (2813ms)
		SetupLoadedEditorAssemblies (0ms)
			LogAssemblyErrors (4ms)
			InitializePlatformSupportModulesInManaged (7ms)
			BeforeProcessingInitializeOnLoad (406ms)
			ProcessInitializeOnLoadAttributes (1069ms)
			ProcessInitializeOnLoadMethodAttributes (412ms)
			AfterProcessingInitializeOnLoad (64ms)
			EditorAssembliesLoaded (6ms)
		AwakeInstancesAfterBackupRestoration (97ms)
Refreshing native plugins compatible for Editor in 12.21 ms, found 5 plugins.
Unloading 24 Unused Serialized files (Serialized files now loaded: 0)
Unloading 7512 unused Assets / (6.4 MB). Loaded Objects now: 8508.
Memory consumption went from 410.7 MB to 404.3 MB.
Total: 29.051800 ms (FindLiveObjects: 2.472500 ms CreateObjectMapping: 1.780000 ms MarkObjects: 18.376100 ms  DeleteObjects: 5.532900 ms)

Prepare: number of updated asset objects reloaded= 0
========================================================================
Received Prepare
AcceleratorClientConnectionCallback - disconnected - :0
'Packages/com.unity.render-pipelines.core/Editor/Deprecated.cs' contains partial class of Unity.Object, exactly 1 of the partial classes needs to be in a file with the same filename. This is to know the one that can be referenced from ie. GameObjects
'Packages/com.unity.render-pipelines.core/Editor/Deprecated.cs' contains partial class of Unity.Object, exactly 1 of the partial classes needs to be in a file with the same filename. This is to know the one that can be referenced from ie. GameObjects
Refreshing native plugins compatible for Editor in 11.48 ms, found 5 plugins.
Unloading 24 Unused Serialized files (Serialized files now loaded: 0)
Unloading 7497 unused Assets / (6.4 MB). Loaded Objects now: 8508.
Memory consumption went from 412.7 MB to 406.3 MB.
Total: 29.336100 ms (FindLiveObjects: 2.477200 ms CreateObjectMapping: 1.541900 ms MarkObjects: 19.933900 ms  DeleteObjects: 4.560000 ms)

Prepare: number of updated asset objects reloaded= 0
========================================================================
Received Prepare
AcceleratorClientConnectionCallback - disconnected - :0
[Licensing::Client] Successfully resolved entitlement details
Begin MonoManager ReloadAssembly
'Packages/com.unity.render-pipelines.core/Editor/Deprecated.cs' contains partial class of Unity.Object, exactly 1 of the partial classes needs to be in a file with the same filename. This is to know the one that can be referenced from ie. GameObjects
'Packages/com.unity.render-pipelines.core/Editor/Deprecated.cs' contains partial class of Unity.Object, exactly 1 of the partial classes needs to be in a file with the same filename. This is to know the one that can be referenced from ie. GameObjects
Refreshing native plugins compatible for Editor in 8.61 ms, found 5 plugins.
Native extension for WindowsStandalone target not found
Native extension for WebGL target not found
[Package Manager] Failed to launch server process. Reason: Unity was launched with the -noUpm command-line argument
[Package Manager] Unable to send message (not connected to server process).
[Package Manager] Cannot connect to Unity Package Manager local server
[Package Manager] Failed to launch server process. Reason: Unity was launched with the -noUpm command-line argument
[Package Manager] Unable to send message (not connected to server process).
[Package Manager] Cannot connect to Unity Package Manager local server
ScheduleIndexationOnStartup MainProcess:False IndexOnStartup:True
Scripting: successfully reloaded assembly
- Finished resetting the current domain, in  2.557 seconds
Domain Reload Profiling: 6451ms
	BeginReloadAssembly (1013ms)
		DisableScriptedObjects (54ms)
		CreateAndSetChildDomain (183ms)
	RebuildCommonClasses (37ms)
	RebuildNativeTypeToScriptingClass (67ms)
	initialDomainReloadingComplete (321ms)
	LoadAllAssembliesAndSetupDomain (2453ms)
		LoadAssemblies (1706ms)
		TypeCache.Refresh (26ms)
		AnalyzeDomain (652ms)
			BuildScriptInfoCaches (635ms)
			ResolveRequiredComponents (13ms)
	FinalizeReload (2560ms)
		SetupLoadedEditorAssemblies (0ms)
			LogAssemblyErrors (4ms)
			InitializePlatformSupportModulesInManaged (5ms)
			BeforeProcessingInitializeOnLoad (436ms)
			ProcessInitializeOnLoadAttributes (1038ms)
			ProcessInitializeOnLoadMethodAttributes (345ms)
			AfterProcessingInitializeOnLoad (50ms)
			EditorAssembliesLoaded (6ms)
		AwakeInstancesAfterBackupRestoration (83ms)
Refreshing native plugins compatible for Editor in 14.42 ms, found 5 plugins.
Unloading 24 Unused Serialized files (Serialized files now loaded: 0)
Unloading 7512 unused Assets / (6.3 MB). Loaded Objects now: 8511.
Memory consumption went from 417.9 MB to 411.6 MB.
Total: 28.090100 ms (FindLiveObjects: 3.128700 ms CreateObjectMapping: 1.781200 ms MarkObjects: 17.127400 ms  DeleteObjects: 5.136700 ms)

Prepare: number of updated asset objects reloaded= 0
========================================================================
Received Prepare
AcceleratorClientConnectionCallback - disconnected - :0
'Packages/com.unity.render-pipelines.core/Editor/Deprecated.cs' contains partial class of Unity.Object, exactly 1 of the partial classes needs to be in a file with the same filename. This is to know the one that can be referenced from ie. GameObjects
'Packages/com.unity.render-pipelines.core/Editor/Deprecated.cs' contains partial class of Unity.Object, exactly 1 of the partial classes needs to be in a file with the same filename. This is to know the one that can be referenced from ie. GameObjects
Refreshing native plugins compatible for Editor in 11.43 ms, found 5 plugins.
Unloading 24 Unused Serialized files (Serialized files now loaded: 0)
Unloading 7497 unused Assets / (6.4 MB). Loaded Objects now: 8511.
Memory consumption went from 419.8 MB to 413.4 MB.
Total: 25.353000 ms (FindLiveObjects: 2.146900 ms CreateObjectMapping: 1.433400 ms MarkObjects: 15.781800 ms  DeleteObjects: 5.179100 ms)

Prepare: number of updated asset objects reloaded= 0
========================================================================
Received Prepare
AcceleratorClientConnectionCallback - disconnected - :0
[Licensing::Client] Successfully resolved entitlement details
Begin MonoManager ReloadAssembly
'Packages/com.unity.render-pipelines.core/Editor/Deprecated.cs' contains partial class of Unity.Object, exactly 1 of the partial classes needs to be in a file with the same filename. This is to know the one that can be referenced from ie. GameObjects
'Packages/com.unity.render-pipelines.core/Editor/Deprecated.cs' contains partial class of Unity.Object, exactly 1 of the partial classes needs to be in a file with the same filename. This is to know the one that can be referenced from ie. GameObjects
Refreshing native plugins compatible for Editor in 10.26 ms, found 5 plugins.
Native extension for WindowsStandalone target not found
Native extension for WebGL target not found
[Package Manager] Failed to launch server process. Reason: Unity was launched with the -noUpm command-line argument
[Package Manager] Unable to send message (not connected to server process).
[Package Manager] Cannot connect to Unity Package Manager local server
[Package Manager] Failed to launch server process. Reason: Unity was launched with the -noUpm command-line argument
[Package Manager] Unable to send message (not connected to server process).
[Package Manager] Cannot connect to Unity Package Manager local server
ScheduleIndexationOnStartup MainProcess:False IndexOnStartup:True
Scripting: successfully reloaded assembly
- Finished resetting the current domain, in  2.673 seconds
Domain Reload Profiling: 7642ms
	BeginReloadAssembly (1235ms)
		DisableScriptedObjects (77ms)
		CreateAndSetChildDomain (219ms)
	RebuildCommonClasses (42ms)
	RebuildNativeTypeToScriptingClass (90ms)
	initialDomainReloadingComplete (428ms)
	LoadAllAssembliesAndSetupDomain (3171ms)
		LoadAssemblies (2183ms)
		TypeCache.Refresh (33ms)
		AnalyzeDomain (760ms)
			BuildScriptInfoCaches (730ms)
			ResolveRequiredComponents (21ms)
	FinalizeReload (2676ms)
		SetupLoadedEditorAssemblies (0ms)
			LogAssemblyErrors (6ms)
			InitializePlatformSupportModulesInManaged (6ms)
			BeforeProcessingInitializeOnLoad (445ms)
			ProcessInitializeOnLoadAttributes (995ms)
			ProcessInitializeOnLoadMethodAttributes (312ms)
			AfterProcessingInitializeOnLoad (50ms)
			EditorAssembliesLoaded (10ms)
		AwakeInstancesAfterBackupRestoration (77ms)
Refreshing native plugins compatible for Editor in 10.56 ms, found 5 plugins.
Unloading 24 Unused Serialized files (Serialized files now loaded: 0)
Unloading 7512 unused Assets / (7.2 MB). Loaded Objects now: 8514.
Memory consumption went from 424.5 MB to 417.2 MB.
Total: 27.651300 ms (FindLiveObjects: 2.811300 ms CreateObjectMapping: 1.518900 ms MarkObjects: 15.654600 ms  DeleteObjects: 6.716500 ms)

Prepare: number of updated asset objects reloaded= 0
========================================================================
Received Import Request.
  Time of request: 2026-09-09T21:18:49.6671227Z
  Time since last request: 10388.00628639999923 seconds.
  importAddress: GUID: e3ea58a0652d0994e90fb113d53cd224 - Path: Assets/Scripts/Snake.cs - Importer: ScriptedImporter/UnityEditor.QuickSearchModule:UnityEditor.Search:ASIAI0B
Importing 'GUID: e3ea58a0652d0994e90fb113d53cd224 - Path: Assets/Scripts/Snake.cs - Importer: ScriptedImporter/UnityEditor.QuickSearchModule:UnityEditor.Search:ASIAI0B' with importer (ScriptedImporter : UnityEditor.QuickSearchModule:UnityEditor.Search:ASIAI0B)
Imported 'GUID: e3ea58a0652d0994e90fb113d53cd224' -> (Import Result ID: '1dc8fec04ae8f2931e58ddd45db008ea') in 0.272 seconds [static and dynamic dependencies]. Details - ImportResultOutputID=06b8eb9e4bcbe454612c71d93cf37e0f DependenciesID=12e8b772e881bbf9d18057a4b3fdbcf1 StaticDependenciesID=ac9f7db59b9dde1d5e5d0d9213b49898 
Number of updated asset objects reloaded before import = 0
Number of asset objects unloaded after import = 0
========================================================================
Received Prepare
AcceleratorClientConnectionCallback - disconnected - :0
'Packages/com.unity.render-pipelines.core/Editor/Deprecated.cs' contains partial class of Unity.Object, exactly 1 of the partial classes needs to be in a file with the same filename. This is to know the one that can be referenced from ie. GameObjects
'Packages/com.unity.render-pipelines.core/Editor/Deprecated.cs' contains partial class of Unity.Object, exactly 1 of the partial classes needs to be in a file with the same filename. This is to know the one that can be referenced from ie. GameObjects
Refreshing native plugins compatible for Editor in 15.25 ms, found 5 plugins.
Unloading 24 Unused Serialized files (Serialized files now loaded: 0)
Unloading 7498 unused Assets / (8.1 MB). Loaded Objects now: 8515.
Memory consumption went from 428.1 MB to 420.0 MB.
Total: 37.341900 ms (FindLiveObjects: 3.648600 ms CreateObjectMapping: 2.394500 ms MarkObjects: 21.354900 ms  DeleteObjects: 8.821500 ms)

Prepare: number of updated asset objects reloaded= 0
========================================================================
Received Import Request.
  Time of request: 2026-09-09T21:19:04.8875088Z
  Time since last request: 14.902787 seconds.
  importAddress: GUID: 7705a2b4fc7a4f6488119a1ca8ae873c - Path: Assets/Scripts/ScoreScript.cs - Importer: ScriptedImporter/UnityEditor.QuickSearchModule:UnityEditor.Search:ASIAI0B
Importing 'GUID: 7705a2b4fc7a4f6488119a1ca8ae873c - Path: Assets/Scripts/ScoreScript.cs - Importer: ScriptedImporter/UnityEditor.QuickSearchModule:UnityEditor.Search:ASIAI0B' with importer (ScriptedImporter : UnityEditor.QuickSearchModule:UnityEditor.Search:ASIAI0B)
Imported 'GUID: 7705a2b4fc7a4f6488119a1ca8ae873c' -> (Import Result ID: '474fdbe33f0a5b8302196e665d0afe9f') in 0.031 seconds [static and dynamic dependencies]. Details - ImportResultOutputID=019acac7173e0c9630f6d625079e6692 DependenciesID=d7d38f7f150968ee9d7e27bf6f2903b9 StaticDependenciesID=f8f1d19f4e2ca3ce31de3e3a66189f37 
Number of updated asset objects reloaded before import = 0
Number of asset objects unloaded after import = 0
========================================================================
Received Import Request.
  Time of request: 2026-09-09T21:19:04.9925307Z
  Time since last request: 0.0378068 seconds.
  importAddress: GUID: 7705a2b4fc7a4f6488119a1ca8ae873c - Path: Assets/Scripts/ScoreScript.cs - Importer: PreviewImporter
Importing 'GUID: 7705a2b4fc7a4f6488119a1ca8ae873c - Path: Assets/Scripts/ScoreScript.cs - Importer: PreviewImporter' with importer (PreviewImporter)
Imported 'GUID: 7705a2b4fc7a4f6488119a1ca8ae873c' -> (Import Result ID: 'd3c8525f809e5dcfa547bcb1c4570dd8') in 0.003 seconds [static and dynamic dependencies]. Details - ImportResultOutputID=3d9b8957d7d29e15c5f258933078381c DependenciesID=483dbc9793f01074b95b2d4ee35f3c40 StaticDependenciesID=dd579275957946ebdb75301479b86557 
Number of updated asset objects reloaded before import = 0
Number of asset objects unloaded after import = 0
========================================================================
Received Prepare
AcceleratorClientConnectionCallback - disconnected - :0
[Licensing::Client] Successfully resolved entitlement details
Begin MonoManager ReloadAssembly
'Packages/com.unity.render-pipelines.core/Editor/Deprecated.cs' contains partial class of Unity.Object, exactly 1 of the partial classes needs to be in a file with the same filename. This is to know the one that can be referenced from ie. GameObjects
'Packages/com.unity.render-pipelines.core/Editor/Deprecated.cs' contains partial class of Unity.Object, exactly 1 of the partial classes needs to be in a file with the same filename. This is to know the one that can be referenced from ie. GameObjects
Refreshing native plugins compatible for Editor in 13.65 ms, found 5 plugins.
Native extension for WindowsStandalone target not found
Native extension for WebGL target not found
[Package Manager] Failed to launch server process. Reason: Unity was launched with the -noUpm command-line argument
[Package Manager] Unable to send message (not connected to server process).
[Package Manager] Cannot connect to Unity Package Manager local server
[Package Manager] Failed to launch server process. Reason: Unity was launched with the -noUpm command-line argument
[Package Manager] Unable to send message (not connected to server process).
[Package Manager] Cannot connect to Unity Package Manager local server
ScheduleIndexationOnStartup MainProcess:False IndexOnStartup:True
Scripting: successfully reloaded assembly
- Finished resetting the current domain, in  3.342 seconds
Domain Reload Profiling: 8506ms
	BeginReloadAssembly (1211ms)
		DisableScriptedObjects (74ms)
		CreateAndSetChildDomain (197ms)
	RebuildCommonClasses (43ms)
	RebuildNativeTypeToScriptingClass (83ms)
	initialDomainReloadingComplete (362ms)
	LoadAllAssembliesAndSetupDomain (3460ms)
		LoadAssemblies (2305ms)
		TypeCache.Refresh (38ms)
		AnalyzeDomain (916ms)
			BuildScriptInfoCaches (887ms)
			ResolveRequiredComponents (23ms)
	FinalizeReload (3346ms)
		SetupLoadedEditorAssemblies (0ms)
			LogAssemblyErrors (6ms)
			InitializePlatformSupportModulesInManaged (8ms)
			BeforeProcessingInitializeOnLoad (592ms)
			ProcessInitializeOnLoadAttributes (1142ms)
			ProcessInitializeOnLoadMethodAttributes (456ms)
			AfterProcessingInitializeOnLoad (69ms)
			EditorAssembliesLoaded (7ms)
		AwakeInstancesAfterBackupRestoration (103ms)
Refreshing native plugins compatible for Editor in 15.51 ms, found 5 plugins.
Unloading 24 Unused Serialized files (Serialized files now loaded: 0)
Unloading 7513 unused Assets / (7.7 MB). Loaded Objects now: 8518.
Memory consumption went from 399.3 MB to 391.6 MB.
Total: 32.552200 ms (FindLiveObjects: 2.803900 ms CreateObjectMapping: 1.986300 ms MarkObjects: 18.942600 ms  DeleteObjects: 7.817700 ms)

Prepare: number of updated asset objects reloaded= 0
========================================================================
Received Import Request.
  Time of request: 2026-09-09T21:19:54.5941439Z
  Time since last request: 49.5558563 seconds.
  importAddress: GUID: 7705a2b4fc7a4f6488119a1ca8ae873c - Path: Assets/Scripts/ScoreScript.cs - Importer: PreviewImporter
Importing 'GUID: 7705a2b4fc7a4f6488119a1ca8ae873c - Path: Assets/Scripts/ScoreScript.cs - Importer: PreviewImporter' with importer (PreviewImporter)
Imported 'GUID: 7705a2b4fc7a4f6488119a1ca8ae873c' -> (Import Result ID: '338e6f722b1b8c87d0e40642ad47e0b3') in 0.002 seconds [static and dynamic dependencies]. Details - ImportResultOutputID=3d9b8957d7d29e15c5f258933078381c DependenciesID=cb89c8e40590865245c0bcc40394d9ba StaticDependenciesID=dd579275957946ebdb75301479b86557 
Number of updated asset objects reloaded before import = 0
Number of asset objects unloaded after import = 0
========================================================================
Received Prepare
AcceleratorClientConnectionCallback - disconnected - :0
'Packages/com.unity.render-pipelines.core/Editor/Deprecated.cs' contains partial class of Unity.Object, exactly 1 of the partial classes needs to be in a file with the same filename. This is to know the one that can be referenced from ie. GameObjects
'Packages/com.unity.render-pipelines.core/Editor/Deprecated.cs' contains partial class of Unity.Object, exactly 1 of the partial classes needs to be in a file with the same filename. This is to know the one that can be referenced from ie. GameObjects
Refreshing native plugins compatible for Editor in 16.81 ms, found 5 plugins.
Unloading 24 Unused Serialized files (Serialized files now loaded: 0)
Unloading 7498 unused Assets / (6.4 MB). Loaded Objects now: 8518.
Memory consumption went from 401.2 MB to 394.8 MB.
Total: 35.015700 ms (FindLiveObjects: 3.529300 ms CreateObjectMapping: 2.098000 ms MarkObjects: 22.233800 ms  DeleteObjects: 6.065400 ms)

Prepare: number of updated asset objects reloaded= 0
========================================================================
Received Import Request.
  Time of request: 2026-09-09T21:20:07.8371154Z
  Time since last request: 13.209118 seconds.
  importAddress: GUID: 7705a2b4fc7a4f6488119a1ca8ae873c - Path: Assets/Scripts/ScoreWindow.cs - Importer: PreviewImporter
Importing 'GUID: 7705a2b4fc7a4f6488119a1ca8ae873c - Path: Assets/Scripts/ScoreWindow.cs - Importer: PreviewImporter' with importer (PreviewImporter)
Imported 'GUID: 7705a2b4fc7a4f6488119a1ca8ae873c' -> (Import Result ID: '1a22615a5126d615da3a5f676becca68') in 0.004 seconds [static and dynamic dependencies]. Details - ImportResultOutputID=3d9b8957d7d29e15c5f258933078381c DependenciesID=1205ad80ed1bf0316e20f44a1c3d5209 StaticDependenciesID=5c561050cef3f6c1e11ce9ea03d64655 
Number of updated asset objects reloaded before import = 0
Number of asset objects unloaded after import = 0
========================================================================
Received Import Request.
  Time of request: 2026-09-09T21:20:07.9510526Z
  Time since last request: 0.0620795 seconds.
  importAddress: GUID: 7705a2b4fc7a4f6488119a1ca8ae873c - Path: Assets/Scripts/ScoreWindow.cs - Importer: ScriptedImporter/UnityEditor.QuickSearchModule:UnityEditor.Search:ASIAI0B
Importing 'GUID: 7705a2b4fc7a4f6488119a1ca8ae873c - Path: Assets/Scripts/ScoreWindow.cs - Importer: ScriptedImporter/UnityEditor.QuickSearchModule:UnityEditor.Search:ASIAI0B' with importer (ScriptedImporter : UnityEditor.QuickSearchModule:UnityEditor.Search:ASIAI0B)
Imported 'GUID: 7705a2b4fc7a4f6488119a1ca8ae873c' -> (Import Result ID: '6461083374b639b1f434771955ae574e') in 0.241 seconds [static and dynamic dependencies]. Details - ImportResultOutputID=c05330d408202f9ea330b9d48dbc685a DependenciesID=7a764e155324056da1310be4be9de6ad StaticDependenciesID=f770f639481e5d00047147676054c0c0 
Number of updated asset objects reloaded before import = 0
Number of asset objects unloaded after import = 0
========================================================================
Received Import Request.
  Time of request: 2026-09-09T21:20:09.9551398Z
  Time since last request: 1.7213474 seconds.
  importAddress: GUID: 7705a2b4fc7a4f6488119a1ca8ae873c - Path: Assets/Scripts/ScoreWindow.cs - Importer: PreviewImporter
Importing 'GUID: 7705a2b4fc7a4f6488119a1ca8ae873c - Path: Assets/Scripts/ScoreWindow.cs - Importer: PreviewImporter' with importer (PreviewImporter)
Imported 'GUID: 7705a2b4fc7a4f6488119a1ca8ae873c' -> (Import Result ID: '1a22615a5126d615da3a5f676becca68') in 0.002 seconds [static and dynamic dependencies]. Details - ImportResultOutputID=3d9b8957d7d29e15c5f258933078381c DependenciesID=1205ad80ed1bf0316e20f44a1c3d5209 StaticDependenciesID=5c561050cef3f6c1e11ce9ea03d64655 
Number of updated asset objects reloaded before import = 0
Number of asset objects unloaded after import = 0
========================================================================
Received Import Request.
  Time of request: 2026-09-09T21:20:10.0102645Z
  Time since last request: 0.0046883 seconds.
  importAddress: GUID: 7705a2b4fc7a4f6488119a1ca8ae873c - Path: Assets/Scripts/ScoreWindow.cs - Importer: PreviewImporter
Importing 'GUID: 7705a2b4fc7a4f6488119a1ca8ae873c - Path: Assets/Scripts/ScoreWindow.cs - Importer: PreviewImporter' with importer (PreviewImporter)
Imported 'GUID: 7705a2b4fc7a4f6488119a1ca8ae873c' -> (Import Result ID: '1a22615a5126d615da3a5f676becca68') in 0.002 seconds [static and dynamic dependencies]. Details - ImportResultOutputID=3d9b8957d7d29e15c5f258933078381c DependenciesID=1205ad80ed1bf0316e20f44a1c3d5209 StaticDependenciesID=5c561050cef3f6c1e11ce9ea03d64655 
Number of updated asset objects reloaded before import = 0
Number of asset objects unloaded after import = 0
========================================================================
Received Import Request.
  Time of request: 2026-09-09T21:20:10.0685495Z
  Time since last request: 0.0104107 seconds.
  importAddress: GUID: 7705a2b4fc7a4f6488119a1ca8ae873c - Path: Assets/Scripts/ScoreWindow.cs - Importer: PreviewImporter
Importing 'GUID: 7705a2b4fc7a4f6488119a1ca8ae873c - Path: Assets/Scripts/ScoreWindow.cs - Importer: PreviewImporter' with importer (PreviewImporter)
Imported 'GUID: 7705a2b4fc7a4f6488119a1ca8ae873c' -> (Import Result ID: '1a22615a5126d615da3a5f676becca68') in 0.001 seconds [static and dynamic dependencies]. Details - ImportResultOutputID=3d9b8957d7d29e15c5f258933078381c DependenciesID=1205ad80ed1bf0316e20f44a1c3d5209 StaticDependenciesID=5c561050cef3f6c1e11ce9ea03d64655 
Number of updated asset objects reloaded before import = 0
Number of asset objects unloaded after import = 0
========================================================================
Received Import Request.
  Time of request: 2026-09-09T21:20:10.1198261Z
  Time since last request: 0.0010141 seconds.
  importAddress: GUID: 7705a2b4fc7a4f6488119a1ca8ae873c - Path: Assets/Scripts/ScoreWindow.cs - Importer: PreviewImporter
Importing 'GUID: 7705a2b4fc7a4f6488119a1ca8ae873c - Path: Assets/Scripts/ScoreWindow.cs - Importer: PreviewImporter' with importer (PreviewImporter)
Imported 'GUID: 7705a2b4fc7a4f6488119a1ca8ae873c' -> (Import Result ID: '1a22615a5126d615da3a5f676becca68') in 0.001 seconds [static and dynamic dependencies]. Details - ImportResultOutputID=3d9b8957d7d29e15c5f258933078381c DependenciesID=1205ad80ed1bf0316e20f44a1c3d5209 StaticDependenciesID=5c561050cef3f6c1e11ce9ea03d64655 
Number of updated asset objects reloaded before import = 0
Number of asset objects unloaded after import = 0
========================================================================
Received Import Request.
  Time of request: 2026-09-09T21:20:10.1683597Z
  Time since last request: 0.0060254 seconds.
  importAddress: GUID: 7705a2b4fc7a4f6488119a1ca8ae873c - Path: Assets/Scripts/ScoreWindow.cs - Importer: PreviewImporter
Importing 'GUID: 7705a2b4fc7a4f6488119a1ca8ae873c - Path: Assets/Scripts/ScoreWindow.cs - Importer: PreviewImporter' with importer (PreviewImporter)
Imported 'GUID: 7705a2b4fc7a4f6488119a1ca8ae873c' -> (Import Result ID: '1a22615a5126d615da3a5f676becca68') in 0.002 seconds [static and dynamic dependencies]. Details - ImportResultOutputID=3d9b8957d7d29e15c5f258933078381c DependenciesID=1205ad80ed1bf0316e20f44a1c3d5209 StaticDependenciesID=5c561050cef3f6c1e11ce9ea03d64655 
Number of updated asset objects reloaded before import = 0
Number of asset objects unloaded after import = 0
========================================================================
Received Import Request.
  Time of request: 2026-09-09T21:20:10.2310101Z
  Time since last request: 0.0113515 seconds.
  importAddress: GUID: 7705a2b4fc7a4f6488119a1ca8ae873c - Path: Assets/Scripts/ScoreWindow.cs - Importer: PreviewImporter
Importing 'GUID: 7705a2b4fc7a4f6488119a1ca8ae873c - Path: Assets/Scripts/ScoreWindow.cs - Importer: PreviewImporter' with importer (PreviewImporter)
Imported 'GUID: 7705a2b4fc7a4f6488119a1ca8ae873c' -> (Import Result ID: '1a22615a5126d615da3a5f676becca68') in 0.002 seconds [static and dynamic dependencies]. Details - ImportResultOutputID=3d9b8957d7d29e15c5f258933078381c DependenciesID=1205ad80ed1bf0316e20f44a1c3d5209 StaticDependenciesID=5c561050cef3f6c1e11ce9ea03d64655 
Number of updated asset objects reloaded before import = 0
Number of asset objects unloaded after import = 0
========================================================================
Received Import Request.
  Time of request: 2026-09-09T21:20:10.3083681Z
  Time since last request: 0.0102093 seconds.
  importAddress: GUID: 7705a2b4fc7a4f6488119a1ca8ae873c - Path: Assets/Scripts/ScoreWindow.cs - Importer: PreviewImporter
Importing 'GUID: 7705a2b4fc7a4f6488119a1ca8ae873c - Path: Assets/Scripts/ScoreWindow.cs - Importer: PreviewImporter' with importer (PreviewImporter)
Imported 'GUID: 7705a2b4fc7a4f6488119a1ca8ae873c' -> (Import Result ID: '1a22615a5126d615da3a5f676becca68') in 0.001 seconds [static and dynamic dependencies]. Details - ImportResultOutputID=3d9b8957d7d29e15c5f258933078381c DependenciesID=1205ad80ed1bf0316e20f44a1c3d5209 StaticDependenciesID=5c561050cef3f6c1e11ce9ea03d64655 
Number of updated asset objects reloaded before import = 0
Number of asset objects unloaded after import = 0
========================================================================
Received Import Request.
  Time of request: 2026-09-09T21:20:10.3615945Z
  Time since last request: 0.0013314 seconds.
  importAddress: GUID: 7705a2b4fc7a4f6488119a1ca8ae873c - Path: Assets/Scripts/ScoreWindow.cs - Importer: PreviewImporter
Importing 'GUID: 7705a2b4fc7a4f6488119a1ca8ae873c - Path: Assets/Scripts/ScoreWindow.cs - Importer: PreviewImporter' with importer (PreviewImporter)
Imported 'GUID: 7705a2b4fc7a4f6488119a1ca8ae873c' -> (Import Result ID: '1a22615a5126d615da3a5f676becca68') in 0.002 seconds [static and dynamic dependencies]. Details - ImportResultOutputID=3d9b8957d7d29e15c5f258933078381c DependenciesID=1205ad80ed1bf0316e20f44a1c3d5209 StaticDependenciesID=5c561050cef3f6c1e11ce9ea03d64655 
Number of updated asset objects reloaded before import = 0
Number of asset objects unloaded after import = 0
========================================================================
Received Import Request.
  Time of request: 2026-09-09T21:20:10.4180084Z
  Time since last request: 0.0058333 seconds.
  importAddress: GUID: 7705a2b4fc7a4f6488119a1ca8ae873c - Path: Assets/Scripts/ScoreWindow.cs - Importer: PreviewImporter
Importing 'GUID: 7705a2b4fc7a4f6488119a1ca8ae873c - Path: Assets/Scripts/ScoreWindow.cs - Importer: PreviewImporter' with importer (PreviewImporter)
Imported 'GUID: 7705a2b4fc7a4f6488119a1ca8ae873c' -> (Import Result ID: '1a22615a5126d615da3a5f676becca68') in 0.001 seconds [static and dynamic dependencies]. Details - ImportResultOutputID=3d9b8957d7d29e15c5f258933078381c DependenciesID=1205ad80ed1bf0316e20f44a1c3d5209 StaticDependenciesID=5c561050cef3f6c1e11ce9ea03d64655 
Number of updated asset objects reloaded before import = 0
Number of asset objects unloaded after import = 0
========================================================================
Received Import Request.
  Time of request: 2026-09-09T21:20:10.4777165Z
  Time since last request: 0.0090718 seconds.
  importAddress: GUID: 7705a2b4fc7a4f6488119a1ca8ae873c - Path: Assets/Scripts/ScoreWindow.cs - Importer: PreviewImporter
Importing 'GUID: 7705a2b4fc7a4f6488119a1ca8ae873c - Path: Assets/Scripts/ScoreWindow.cs - Importer: PreviewImporter' with importer (PreviewImporter)
Imported 'GUID: 7705a2b4fc7a4f6488119a1ca8ae873c' -> (Import Result ID: '1a22615a5126d615da3a5f676becca68') in 0.001 seconds [static and dynamic dependencies]. Details - ImportResultOutputID=3d9b8957d7d29e15c5f258933078381c DependenciesID=1205ad80ed1bf0316e20f44a1c3d5209 StaticDependenciesID=5c561050cef3f6c1e11ce9ea03d64655 
Number of updated asset objects reloaded before import = 0
Number of asset objects unloaded after import = 0
========================================================================
Received Import Request.
  Time of request: 2026-09-09T21:20:10.5402619Z
  Time since last request: 0.0118167 seconds.
  importAddress: GUID: 7705a2b4fc7a4f6488119a1ca8ae873c - Path: Assets/Scripts/ScoreWindow.cs - Importer: PreviewImporter
Importing 'GUID: 7705a2b4fc7a4f6488119a1ca8ae873c - Path: Assets/Scripts/ScoreWindow.cs - Importer: PreviewImporter' with importer (PreviewImporter)
Imported 'GUID: 7705a2b4fc7a4f6488119a1ca8ae873c' -> (Import Result ID: '1a22615a5126d615da3a5f676becca68') in 0.002 seconds [static and dynamic dependencies]. Details - ImportResultOutputID=3d9b8957d7d29e15c5f258933078381c DependenciesID=1205ad80ed1bf0316e20f44a1c3d5209 StaticDependenciesID=5c561050cef3f6c1e11ce9ea03d64655 
Number of updated asset objects reloaded before import = 0
Number of asset objects unloaded after import = 0
========================================================================
Received Import Request.
  Time of request: 2026-09-09T21:20:10.5987054Z
  Time since last request: 0.0069383 seconds.
  importAddress: GUID: 7705a2b4fc7a4f6488119a1ca8ae873c - Path: Assets/Scripts/ScoreWindow.cs - Importer: PreviewImporter
Importing 'GUID: 7705a2b4fc7a4f6488119a1ca8ae873c - Path: Assets/Scripts/ScoreWindow.cs - Importer: PreviewImporter' with importer (PreviewImporter)
Imported 'GUID: 7705a2b4fc7a4f6488119a1ca8ae873c' -> (Import Result ID: '1a22615a5126d615da3a5f676becca68') in 0.002 seconds [static and dynamic dependencies]. Details - ImportResultOutputID=3d9b8957d7d29e15c5f258933078381c DependenciesID=1205ad80ed1bf0316e20f44a1c3d5209 StaticDependenciesID=5c561050cef3f6c1e11ce9ea03d64655 
Number of updated asset objects reloaded before import = 0
Number of asset objects unloaded after import = 0
========================================================================
Received Import Request.
  Time of request: 2026-09-09T21:20:10.6644342Z
  Time since last request: 0.0130293 seconds.
  importAddress: GUID: 7705a2b4fc7a4f6488119a1ca8ae873c - Path: Assets/Scripts/ScoreWindow.cs - Importer: PreviewImporter
Importing 'GUID: 7705a2b4fc7a4f6488119a1ca8ae873c - Path: Assets/Scripts/ScoreWindow.cs - Importer: PreviewImporter' with importer (PreviewImporter)
Imported 'GUID: 7705a2b4fc7a4f6488119a1ca8ae873c' -> (Import Result ID: '1a22615a5126d615da3a5f676becca68') in 0.001 seconds [static and dynamic dependencies]. Details - ImportResultOutputID=3d9b8957d7d29e15c5f258933078381c DependenciesID=1205ad80ed1bf0316e20f44a1c3d5209 StaticDependenciesID=5c561050cef3f6c1e11ce9ea03d64655 
Number of updated asset objects reloaded before import = 0
Number of asset objects unloaded after import = 0
========================================================================
Received Import Request.
  Time of request: 2026-09-09T21:20:10.7117085Z
  Time since last request: 0.0010449 seconds.
  importAddress: GUID: 7705a2b4fc7a4f6488119a1ca8ae873c - Path: Assets/Scripts/ScoreWindow.cs - Importer: PreviewImporter
Importing 'GUID: 7705a2b4fc7a4f6488119a1ca8ae873c - Path: Assets/Scripts/ScoreWindow.cs - Importer: PreviewImporter' with importer (PreviewImporter)
Imported 'GUID: 7705a2b4fc7a4f6488119a1ca8ae873c' -> (Import Result ID: '1a22615a5126d615da3a5f676becca68') in 0.001 seconds [static and dynamic dependencies]. Details - ImportResultOutputID=3d9b8957d7d29e15c5f258933078381c DependenciesID=1205ad80ed1bf0316e20f44a1c3d5209 StaticDependenciesID=5c561050cef3f6c1e11ce9ea03d64655 
Number of updated asset objects reloaded before import = 0
Number of asset objects unloaded after import = 0
========================================================================
Received Import Request.
  Time of request: 2026-09-09T21:20:10.7662422Z
  Time since last request: 0.0073157 seconds.
  importAddress: GUID: 7705a2b4fc7a4f6488119a1ca8ae873c - Path: Assets/Scripts/ScoreWindow.cs - Importer: PreviewImporter
Importing 'GUID: 7705a2b4fc7a4f6488119a1ca8ae873c - Path: Assets/Scripts/ScoreWindow.cs - Importer: PreviewImporter' with importer (PreviewImporter)
Imported 'GUID: 7705a2b4fc7a4f6488119a1ca8ae873c' -> (Import Result ID: '1a22615a5126d615da3a5f676becca68') in 0.001 seconds [static and dynamic dependencies]. Details - ImportResultOutputID=3d9b8957d7d29e15c5f258933078381c DependenciesID=1205ad80ed1bf0316e20f44a1c3d5209 StaticDependenciesID=5c561050cef3f6c1e11ce9ea03d64655 
Number of updated asset objects reloaded before import = 0
Number of asset objects unloaded after import = 0
========================================================================
Received Import Request.
  Time of request: 2026-09-09T21:20:10.8140876Z
  Time since last request: 0.0040901 seconds.
  importAddress: GUID: 7705a2b4fc7a4f6488119a1ca8ae873c - Path: Assets/Scripts/ScoreWindow.cs - Importer: PreviewImporter
Importing 'GUID: 7705a2b4fc7a4f6488119a1ca8ae873c - Path: Assets/Scripts/ScoreWindow.cs - Importer: PreviewImporter' with importer (PreviewImporter)
Imported 'GUID: 7705a2b4fc7a4f6488119a1ca8ae873c' -> (Import Result ID: '1a22615a5126d615da3a5f676becca68') in 0.001 seconds [static and dynamic dependencies]. Details - ImportResultOutputID=3d9b8957d7d29e15c5f258933078381c DependenciesID=1205ad80ed1bf0316e20f44a1c3d5209 StaticDependenciesID=5c561050cef3f6c1e11ce9ea03d64655 
Number of updated asset objects reloaded before import = 0
Number of asset objects unloaded after import = 0
========================================================================
Received Import Request.
  Time of request: 2026-09-09T21:20:10.8577101Z
  Time since last request: 0.0055769 seconds.
  importAddress: GUID: 7705a2b4fc7a4f6488119a1ca8ae873c - Path: Assets/Scripts/ScoreWindow.cs - Importer: PreviewImporter
Importing 'GUID: 7705a2b4fc7a4f6488119a1ca8ae873c - Path: Assets/Scripts/ScoreWindow.cs - Importer: PreviewImporter' with importer (PreviewImporter)
Imported 'GUID: 7705a2b4fc7a4f6488119a1ca8ae873c' -> (Import Result ID: '1a22615a5126d615da3a5f676becca68') in 0.001 seconds [static and dynamic dependencies]. Details - ImportResultOutputID=3d9b8957d7d29e15c5f258933078381c DependenciesID=1205ad80ed1bf0316e20f44a1c3d5209 StaticDependenciesID=5c561050cef3f6c1e11ce9ea03d64655 
Number of updated asset objects reloaded before import = 0
Number of asset objects unloaded after import = 0
========================================================================
Received Import Request.
  Time of request: 2026-09-09T21:20:10.8986338Z
  Time since last request: 0.0058612 seconds.
  importAddress: GUID: 7705a2b4fc7a4f6488119a1ca8ae873c - Path: Assets/Scripts/ScoreWindow.cs - Importer: PreviewImporter
Importing 'GUID: 7705a2b4fc7a4f6488119a1ca8ae873c - Path: Assets/Scripts/ScoreWindow.cs - Importer: PreviewImporter' with importer (PreviewImporter)
Imported 'GUID: 7705a2b4fc7a4f6488119a1ca8ae873c' -> (Import Result ID: '1a22615a5126d615da3a5f676becca68') in 0.001 seconds [static and dynamic dependencies]. Details - ImportResultOutputID=3d9b8957d7d29e15c5f258933078381c DependenciesID=1205ad80ed1bf0316e20f44a1c3d5209 StaticDependenciesID=5c561050cef3f6c1e11ce9ea03d64655 
Number of updated asset objects reloaded before import = 0
Number of asset objects unloaded after import = 0
========================================================================
Received Import Request.
  Time of request: 2026-09-09T21:20:10.9456717Z
  Time since last request: 0.0080031 seconds.
  importAddress: GUID: 7705a2b4fc7a4f6488119a1ca8ae873c - Path: Assets/Scripts/ScoreWindow.cs - Importer: PreviewImporter
Importing 'GUID: 7705a2b4fc7a4f6488119a1ca8ae873c - Path: Assets/Scripts/ScoreWindow.cs - Importer: PreviewImporter' with importer (PreviewImporter)
Imported 'GUID: 7705a2b4fc7a4f6488119a1ca8ae873c' -> (Import Result ID: '1a22615a5126d615da3a5f676becca68') in 0.001 seconds [static and dynamic dependencies]. Details - ImportResultOutputID=3d9b8957d7d29e15c5f258933078381c DependenciesID=1205ad80ed1bf0316e20f44a1c3d5209 StaticDependenciesID=5c561050cef3f6c1e11ce9ea03d64655 
Number of updated asset objects reloaded before import = 0
Number of asset objects unloaded after import = 0
========================================================================
Received Import Request.
  Time of request: 2026-09-09T21:20:10.9896073Z
  Time since last request: 0.0032086 seconds.
  importAddress: GUID: 7705a2b4fc7a4f6488119a1ca8ae873c - Path: Assets/Scripts/ScoreWindow.cs - Importer: PreviewImporter
Importing 'GUID: 7705a2b4fc7a4f6488119a1ca8ae873c - Path: Assets/Scripts/ScoreWindow.cs - Importer: PreviewImporter' with importer (PreviewImporter)
Imported 'GUID: 7705a2b4fc7a4f6488119a1ca8ae873c' -> (Import Result ID: '1a22615a5126d615da3a5f676becca68') in 0.001 seconds [static and dynamic dependencies]. Details - ImportResultOutputID=3d9b8957d7d29e15c5f258933078381c DependenciesID=1205ad80ed1bf0316e20f44a1c3d5209 StaticDependenciesID=5c561050cef3f6c1e11ce9ea03d64655 
Number of updated asset objects reloaded before import = 0
Number of asset objects unloaded after import = 0
========================================================================
Received Import Request.
  Time of request: 2026-09-09T21:20:11.0331383Z
  Time since last request: 0.0019516 seconds.
  importAddress: GUID: 7705a2b4fc7a4f6488119a1ca8ae873c - Path: Assets/Scripts/ScoreWindow.cs - Importer: PreviewImporter
Importing 'GUID: 7705a2b4fc7a4f6488119a1ca8ae873c - Path: Assets/Scripts/ScoreWindow.cs - Importer: PreviewImporter' with importer (PreviewImporter)
Imported 'GUID: 7705a2b4fc7a4f6488119a1ca8ae873c' -> (Import Result ID: '1a22615a5126d615da3a5f676becca68') in 0.001 seconds [static and dynamic dependencies]. Details - ImportResultOutputID=3d9b8957d7d29e15c5f258933078381c DependenciesID=1205ad80ed1bf0316e20f44a1c3d5209 StaticDependenciesID=5c561050cef3f6c1e11ce9ea03d64655 
Number of updated asset objects reloaded before import = 0
Number of asset objects unloaded after import = 0
========================================================================
Received Import Request.
  Time of request: 2026-09-09T21:20:11.0778992Z
  Time since last request: 0.0040495 seconds.
  importAddress: GUID: 7705a2b4fc7a4f6488119a1ca8ae873c - Path: Assets/Scripts/ScoreWindow.cs - Importer: PreviewImporter
Importing 'GUID: 7705a2b4fc7a4f6488119a1ca8ae873c - Path: Assets/Scripts/ScoreWindow.cs - Importer: PreviewImporter' with importer (PreviewImporter)
Imported 'GUID: 7705a2b4fc7a4f6488119a1ca8ae873c' -> (Import Result ID: '1a22615a5126d615da3a5f676becca68') in 0.001 seconds [static and dynamic dependencies]. Details - ImportResultOutputID=3d9b8957d7d29e15c5f258933078381c DependenciesID=1205ad80ed1bf0316e20f44a1c3d5209 StaticDependenciesID=5c561050cef3f6c1e11ce9ea03d64655 
Number of updated asset objects reloaded before import = 0
Number of asset objects unloaded after import = 0
========================================================================
Received Import Request.
  Time of request: 2026-09-09T21:20:11.1287964Z
  Time since last request: 0.008256 seconds.
  importAddress: GUID: 7705a2b4fc7a4f6488119a1ca8ae873c - Path: Assets/Scripts/ScoreWindow.cs - Importer: PreviewImporter
Importing 'GUID: 7705a2b4fc7a4f6488119a1ca8ae873c - Path: Assets/Scripts/ScoreWindow.cs - Importer: PreviewImporter' with importer (PreviewImporter)
Imported 'GUID: 7705a2b4fc7a4f6488119a1ca8ae873c' -> (Import Result ID: '1a22615a5126d615da3a5f676becca68') in 0.001 seconds [static and dynamic dependencies]. Details - ImportResultOutputID=3d9b8957d7d29e15c5f258933078381c DependenciesID=1205ad80ed1bf0316e20f44a1c3d5209 StaticDependenciesID=5c561050cef3f6c1e11ce9ea03d64655 
Number of updated asset objects reloaded before import = 0
Number of asset objects unloaded after import = 0
========================================================================
Received Import Request.
  Time of request: 2026-09-09T21:20:11.1703748Z
  Time since last request: 0.0027306 seconds.
  importAddress: GUID: 7705a2b4fc7a4f6488119a1ca8ae873c - Path: Assets/Scripts/ScoreWindow.cs - Importer: PreviewImporter
Importing 'GUID: 7705a2b4fc7a4f6488119a1ca8ae873c - Path: Assets/Scripts/ScoreWindow.cs - Importer: PreviewImporter' with importer (PreviewImporter)
Imported 'GUID: 7705a2b4fc7a4f6488119a1ca8ae873c' -> (Import Result ID: '1a22615a5126d615da3a5f676becca68') in 0.001 seconds [static and dynamic dependencies]. Details - ImportResultOutputID=3d9b8957d7d29e15c5f258933078381c DependenciesID=1205ad80ed1bf0316e20f44a1c3d5209 StaticDependenciesID=5c561050cef3f6c1e11ce9ea03d64655 
Number of updated asset objects reloaded before import = 0
Number of asset objects unloaded after import = 0
========================================================================
Received Import Request.
  Time of request: 2026-09-09T21:20:11.2159908Z
  Time since last request: 0.001087 seconds.
  importAddress: GUID: 7705a2b4fc7a4f6488119a1ca8ae873c - Path: Assets/Scripts/ScoreWindow.cs - Importer: PreviewImporter
Importing 'GUID: 7705a2b4fc7a4f6488119a1ca8ae873c - Path: Assets/Scripts/ScoreWindow.cs - Importer: PreviewImporter' with importer (PreviewImporter)
Imported 'GUID: 7705a2b4fc7a4f6488119a1ca8ae873c' -> (Import Result ID: '1a22615a5126d615da3a5f676becca68') in 0.001 seconds [static and dynamic dependencies]. Details - ImportResultOutputID=3d9b8957d7d29e15c5f258933078381c DependenciesID=1205ad80ed1bf0316e20f44a1c3d5209 StaticDependenciesID=5c561050cef3f6c1e11ce9ea03d64655 
Number of updated asset objects reloaded before import = 0
Number of asset objects unloaded after import = 0
========================================================================
Received Import Request.
  Time of request: 2026-09-09T21:20:11.2643857Z
  Time since last request: 0.0013874 seconds.
  importAddress: GUID: 7705a2b4fc7a4f6488119a1ca8ae873c - Path: Assets/Scripts/ScoreWindow.cs - Importer: PreviewImporter
Importing 'GUID: 7705a2b4fc7a4f6488119a1ca8ae873c - Path: Assets/Scripts/ScoreWindow.cs - Importer: PreviewImporter' with importer (PreviewImporter)
Imported 'GUID: 7705a2b4fc7a4f6488119a1ca8ae873c' -> (Import Result ID: '1a22615a5126d615da3a5f676becca68') in 0.001 seconds [static and dynamic dependencies]. Details - ImportResultOutputID=3d9b8957d7d29e15c5f258933078381c DependenciesID=1205ad80ed1bf0316e20f44a1c3d5209 StaticDependenciesID=5c561050cef3f6c1e11ce9ea03d64655 
Number of updated asset objects reloaded before import = 0
Number of asset objects unloaded after import = 0
========================================================================
Received Import Request.
  Time of request: 2026-09-09T21:20:11.3149094Z
  Time since last request: 0.0036241 seconds.
  importAddress: GUID: 7705a2b4fc7a4f6488119a1ca8ae873c - Path: Assets/Scripts/ScoreWindow.cs - Importer: PreviewImporter
Importing 'GUID: 7705a2b4fc7a4f6488119a1ca8ae873c - Path: Assets/Scripts/ScoreWindow.cs - Importer: PreviewImporter' with importer (PreviewImporter)
Imported 'GUID: 7705a2b4fc7a4f6488119a1ca8ae873c' -> (Import Result ID: '1a22615a5126d615da3a5f676becca68') in 0.002 seconds [static and dynamic dependencies]. Details - ImportResultOutputID=3d9b8957d7d29e15c5f258933078381c DependenciesID=1205ad80ed1bf0316e20f44a1c3d5209 StaticDependenciesID=5c561050cef3f6c1e11ce9ea03d64655 
Number of updated asset objects reloaded before import = 0
Number of asset objects unloaded after import = 0
========================================================================
Received Import Request.
  Time of request: 2026-09-09T21:20:11.3731588Z
  Time since last request: 0.0081984 seconds.
  importAddress: GUID: 7705a2b4fc7a4f6488119a1ca8ae873c - Path: Assets/Scripts/ScoreWindow.cs - Importer: PreviewImporter
Importing 'GUID: 7705a2b4fc7a4f6488119a1ca8ae873c - Path: Assets/Scripts/ScoreWindow.cs - Importer: PreviewImporter' with importer (PreviewImporter)
Imported 'GUID: 7705a2b4fc7a4f6488119a1ca8ae873c' -> (Import Result ID: '1a22615a5126d615da3a5f676becca68') in 0.001 seconds [static and dynamic dependencies]. Details - ImportResultOutputID=3d9b8957d7d29e15c5f258933078381c DependenciesID=1205ad80ed1bf0316e20f44a1c3d5209 StaticDependenciesID=5c561050cef3f6c1e11ce9ea03d64655 
Number of updated asset objects reloaded before import = 0
Number of asset objects unloaded after import = 0
========================================================================
Received Import Request.
  Time of request: 2026-09-09T21:20:11.4329667Z
  Time since last request: 0.0091998 seconds.
  importAddress: GUID: 7705a2b4fc7a4f6488119a1ca8ae873c - Path: Assets/Scripts/ScoreWindow.cs - Importer: PreviewImporter
Importing 'GUID: 7705a2b4fc7a4f6488119a1ca8ae873c - Path: Assets/Scripts/ScoreWindow.cs - Importer: PreviewImporter' with importer (PreviewImporter)
Imported 'GUID: 7705a2b4fc7a4f6488119a1ca8ae873c' -> (Import Result ID: '1a22615a5126d615da3a5f676becca68') in 0.002 seconds [static and dynamic dependencies]. Details - ImportResultOutputID=3d9b8957d7d29e15c5f258933078381c DependenciesID=1205ad80ed1bf0316e20f44a1c3d5209 StaticDependenciesID=5c561050cef3f6c1e11ce9ea03d64655 
Number of updated asset objects reloaded before import = 0
Number of asset objects unloaded after import = 0
========================================================================
Received Import Request.
  Time of request: 2026-09-09T21:20:11.4858637Z
  Time since last request: 0.0023673 seconds.
  importAddress: GUID: 7705a2b4fc7a4f6488119a1ca8ae873c - Path: Assets/Scripts/ScoreWindow.cs - Importer: PreviewImporter
Importing 'GUID: 7705a2b4fc7a4f6488119a1ca8ae873c - Path: Assets/Scripts/ScoreWindow.cs - Importer: PreviewImporter' with importer (PreviewImporter)
Imported 'GUID: 7705a2b4fc7a4f6488119a1ca8ae873c' -> (Import Result ID: '1a22615a5126d615da3a5f676becca68') in 0.002 seconds [static and dynamic dependencies]. Details - ImportResultOutputID=3d9b8957d7d29e15c5f258933078381c DependenciesID=1205ad80ed1bf0316e20f44a1c3d5209 StaticDependenciesID=5c561050cef3f6c1e11ce9ea03d64655 
Number of updated asset objects reloaded before import = 0
Number of asset objects unloaded after import = 0
========================================================================
Received Import Request.
  Time of request: 2026-09-09T21:20:11.5618681Z
  Time since last request: 0.0322598 seconds.
  importAddress: GUID: 7705a2b4fc7a4f6488119a1ca8ae873c - Path: Assets/Scripts/ScoreWindow.cs - Importer: PreviewImporter
Importing 'GUID: 7705a2b4fc7a4f6488119a1ca8ae873c - Path: Assets/Scripts/ScoreWindow.cs - Importer: PreviewImporter' with importer (PreviewImporter)
Imported 'GUID: 7705a2b4fc7a4f6488119a1ca8ae873c' -> (Import Result ID: '1a22615a5126d615da3a5f676becca68') in 0.001 seconds [static and dynamic dependencies]. Details - ImportResultOutputID=3d9b8957d7d29e15c5f258933078381c DependenciesID=1205ad80ed1bf0316e20f44a1c3d5209 StaticDependenciesID=5c561050cef3f6c1e11ce9ea03d64655 
Number of updated asset objects reloaded before import = 0
Number of asset objects unloaded after import = 0
========================================================================
Received Import Request.
  Time of request: 2026-09-09T21:20:11.6075347Z
  Time since last request: 0.0011137 seconds.
  importAddress: GUID: 7705a2b4fc7a4f6488119a1ca8ae873c - Path: Assets/Scripts/ScoreWindow.cs - Importer: PreviewImporter
Importing 'GUID: 7705a2b4fc7a4f6488119a1ca8ae873c - Path: Assets/Scripts/ScoreWindow.cs - Importer: PreviewImporter' with importer (PreviewImporter)
Imported 'GUID: 7705a2b4fc7a4f6488119a1ca8ae873c' -> (Import Result ID: '1a22615a5126d615da3a5f676becca68') in 0.001 seconds [static and dynamic dependencies]. Details - ImportResultOutputID=3d9b8957d7d29e15c5f258933078381c DependenciesID=1205ad80ed1bf0316e20f44a1c3d5209 StaticDependenciesID=5c561050cef3f6c1e11ce9ea03d64655 
Number of updated asset objects reloaded before import = 0
Number of asset objects unloaded after import = 0
========================================================================
Received Import Request.
  Time of request: 2026-09-09T21:20:11.6670718Z
  Time since last request: 0.0082162 seconds.
  importAddress: GUID: 7705a2b4fc7a4f6488119a1ca8ae873c - Path: Assets/Scripts/ScoreWindow.cs - Importer: PreviewImporter
Importing 'GUID: 7705a2b4fc7a4f6488119a1ca8ae873c - Path: Assets/Scripts/ScoreWindow.cs - Importer: PreviewImporter' with importer (PreviewImporter)
Imported 'GUID: 7705a2b4fc7a4f6488119a1ca8ae873c' -> (Import Result ID: '1a22615a5126d615da3a5f676becca68') in 0.001 seconds [static and dynamic dependencies]. Details - ImportResultOutputID=3d9b8957d7d29e15c5f258933078381c DependenciesID=1205ad80ed1bf0316e20f44a1c3d5209 StaticDependenciesID=5c561050cef3f6c1e11ce9ea03d64655 
Number of updated asset objects reloaded before import = 0
Number of asset objects unloaded after import = 0
========================================================================
Received Import Request.
  Time of request: 2026-09-09T21:20:11.7172676Z
  Time since last request: 0.0041208 seconds.
  importAddress: GUID: 7705a2b4fc7a4f6488119a1ca8ae873c - Path: Assets/Scripts/ScoreWindow.cs - Importer: PreviewImporter
Importing 'GUID: 7705a2b4fc7a4f6488119a1ca8ae873c - Path: Assets/Scripts/ScoreWindow.cs - Importer: PreviewImporter' with importer (PreviewImporter)
Imported 'GUID: 7705a2b4fc7a4f6488119a1ca8ae873c' -> (Import Result ID: '1a22615a5126d615da3a5f676becca68') in 0.001 seconds [static and dynamic dependencies]. Details - ImportResultOutputID=3d9b8957d7d29e15c5f258933078381c DependenciesID=1205ad80ed1bf0316e20f44a1c3d5209 StaticDependenciesID=5c561050cef3f6c1e11ce9ea03d64655 
Number of updated asset objects reloaded before import = 0
Number of asset objects unloaded after import = 0
========================================================================
Received Import Request.
  Time of request: 2026-09-09T21:20:11.7686862Z
  Time since last request: 0.0016313 seconds.
  importAddress: GUID: 7705a2b4fc7a4f6488119a1ca8ae873c - Path: Assets/Scripts/ScoreWindow.cs - Importer: PreviewImporter
Importing 'GUID: 7705a2b4fc7a4f6488119a1ca8ae873c - Path: Assets/Scripts/ScoreWindow.cs - Importer: PreviewImporter' with importer (PreviewImporter)
Imported 'GUID: 7705a2b4fc7a4f6488119a1ca8ae873c' -> (Import Result ID: '1a22615a5126d615da3a5f676becca68') in 0.002 seconds [static and dynamic dependencies]. Details - ImportResultOutputID=3d9b8957d7d29e15c5f258933078381c DependenciesID=1205ad80ed1bf0316e20f44a1c3d5209 StaticDependenciesID=5c561050cef3f6c1e11ce9ea03d64655 
Number of updated asset objects reloaded before import = 0
Number of asset objects unloaded after import = 0
========================================================================
Received Import Request.
  Time of request: 2026-09-09T21:20:11.8277627Z
  Time since last request: 0.0058825 seconds.
  importAddress: GUID: 7705a2b4fc7a4f6488119a1ca8ae873c - Path: Assets/Scripts/ScoreWindow.cs - Importer: PreviewImporter
Importing 'GUID: 7705a2b4fc7a4f6488119a1ca8ae873c - Path: Assets/Scripts/ScoreWindow.cs - Importer: PreviewImporter' with importer (PreviewImporter)
Imported 'GUID: 7705a2b4fc7a4f6488119a1ca8ae873c' -> (Import Result ID: '1a22615a5126d615da3a5f676becca68') in 0.001 seconds [static and dynamic dependencies]. Details - ImportResultOutputID=3d9b8957d7d29e15c5f258933078381c DependenciesID=1205ad80ed1bf0316e20f44a1c3d5209 StaticDependenciesID=5c561050cef3f6c1e11ce9ea03d64655 
Number of updated asset objects reloaded before import = 0
Number of asset objects unloaded after import = 0
========================================================================
Received Import Request.
  Time of request: 2026-09-09T21:20:11.8866415Z
  Time since last request: 0.0089047 seconds.
  importAddress: GUID: 7705a2b4fc7a4f6488119a1ca8ae873c - Path: Assets/Scripts/ScoreWindow.cs - Importer: PreviewImporter
Importing 'GUID: 7705a2b4fc7a4f6488119a1ca8ae873c - Path: Assets/Scripts/ScoreWindow.cs - Importer: PreviewImporter' with importer (PreviewImporter)
Imported 'GUID: 7705a2b4fc7a4f6488119a1ca8ae873c' -> (Import Result ID: '1a22615a5126d615da3a5f676becca68') in 0.001 seconds [static and dynamic dependencies]. Details - ImportResultOutputID=3d9b8957d7d29e15c5f258933078381c DependenciesID=1205ad80ed1bf0316e20f44a1c3d5209 StaticDependenciesID=5c561050cef3f6c1e11ce9ea03d64655 
Number of updated asset objects reloaded before import = 0
Number of asset objects unloaded after import = 0
========================================================================
Received Import Request.
  Time of request: 2026-09-09T21:20:11.940184Z
  Time since last request: 0.0090368 seconds.
  importAddress: GUID: 7705a2b4fc7a4f6488119a1ca8ae873c - Path: Assets/Scripts/ScoreWindow.cs - Importer: PreviewImporter
Importing 'GUID: 7705a2b4fc7a4f6488119a1ca8ae873c - Path: Assets/Scripts/ScoreWindow.cs - Importer: PreviewImporter' with importer (PreviewImporter)
Imported 'GUID: 7705a2b4fc7a4f6488119a1ca8ae873c' -> (Import Result ID: '1a22615a5126d615da3a5f676becca68') in 0.002 seconds [static and dynamic dependencies]. Details - ImportResultOutputID=3d9b8957d7d29e15c5f258933078381c DependenciesID=1205ad80ed1bf0316e20f44a1c3d5209 StaticDependenciesID=5c561050cef3f6c1e11ce9ea03d64655 
Number of updated asset objects reloaded before import = 0
Number of asset objects unloaded after import = 0
========================================================================
Received Import Request.
  Time of request: 2026-09-09T21:20:11.9900463Z
  Time since last request: 0.0012234 seconds.
  importAddress: GUID: 7705a2b4fc7a4f6488119a1ca8ae873c - Path: Assets/Scripts/ScoreWindow.cs - Importer: PreviewImporter
Importing 'GUID: 7705a2b4fc7a4f6488119a1ca8ae873c - Path: Assets/Scripts/ScoreWindow.cs - Importer: PreviewImporter' with importer (PreviewImporter)
Imported 'GUID: 7705a2b4fc7a4f6488119a1ca8ae873c' -> (Import Result ID: '1a22615a5126d615da3a5f676becca68') in 0.001 seconds [static and dynamic dependencies]. Details - ImportResultOutputID=3d9b8957d7d29e15c5f258933078381c DependenciesID=1205ad80ed1bf0316e20f44a1c3d5209 StaticDependenciesID=5c561050cef3f6c1e11ce9ea03d64655 
Number of updated asset objects reloaded before import = 0
Number of asset objects unloaded after import = 0
========================================================================
Received Import Request.
  Time of request: 2026-09-09T21:20:12.0454799Z
  Time since last request: 0.0080957 seconds.
  importAddress: GUID: 7705a2b4fc7a4f6488119a1ca8ae873c - Path: Assets/Scripts/ScoreWindow.cs - Importer: PreviewImporter
Importing 'GUID: 7705a2b4fc7a4f6488119a1ca8ae873c - Path: Assets/Scripts/ScoreWindow.cs - Importer: PreviewImporter' with importer (PreviewImporter)
Imported 'GUID: 7705a2b4fc7a4f6488119a1ca8ae873c' -> (Import Result ID: '1a22615a5126d615da3a5f676becca68') in 0.001 seconds [static and dynamic dependencies]. Details - ImportResultOutputID=3d9b8957d7d29e15c5f258933078381c DependenciesID=1205ad80ed1bf0316e20f44a1c3d5209 StaticDependenciesID=5c561050cef3f6c1e11ce9ea03d64655 
Number of updated asset objects reloaded before import = 0
Number of asset objects unloaded after import = 0
========================================================================
Received Import Request.
  Time of request: 2026-09-09T21:20:12.0920124Z
  Time since last request: 0.0015003 seconds.
  importAddress: GUID: 7705a2b4fc7a4f6488119a1ca8ae873c - Path: Assets/Scripts/ScoreWindow.cs - Importer: PreviewImporter
Importing 'GUID: 7705a2b4fc7a4f6488119a1ca8ae873c - Path: Assets/Scripts/ScoreWindow.cs - Importer: PreviewImporter' with importer (PreviewImporter)
Imported 'GUID: 7705a2b4fc7a4f6488119a1ca8ae873c' -> (Import Result ID: '1a22615a5126d615da3a5f676becca68') in 0.001 seconds [static and dynamic dependencies]. Details - ImportResultOutputID=3d9b8957d7d29e15c5f258933078381c DependenciesID=1205ad80ed1bf0316e20f44a1c3d5209 StaticDependenciesID=5c561050cef3f6c1e11ce9ea03d64655 
Number of updated asset objects reloaded before import = 0
Number of asset objects unloaded after import = 0
========================================================================
Received Import Request.
  Time of request: 2026-09-09T21:20:12.1461528Z
  Time since last request: 0.0048754 seconds.
  importAddress: GUID: 7705a2b4fc7a4f6488119a1ca8ae873c - Path: Assets/Scripts/ScoreWindow.cs - Importer: PreviewImporter
Importing 'GUID: 7705a2b4fc7a4f6488119a1ca8ae873c - Path: Assets/Scripts/ScoreWindow.cs - Importer: PreviewImporter' with importer (PreviewImporter)
Imported 'GUID: 7705a2b4fc7a4f6488119a1ca8ae873c' -> (Import Result ID: '1a22615a5126d615da3a5f676becca68') in 0.002 seconds [static and dynamic dependencies]. Details - ImportResultOutputID=3d9b8957d7d29e15c5f258933078381c DependenciesID=1205ad80ed1bf0316e20f44a1c3d5209 StaticDependenciesID=5c561050cef3f6c1e11ce9ea03d64655 
Number of updated asset objects reloaded before import = 0
Number of asset objects unloaded after import = 0
========================================================================
Received Import Request.
  Time of request: 2026-09-09T21:20:12.2080369Z
  Time since last request: 0.0147286 seconds.
  importAddress: GUID: 7705a2b4fc7a4f6488119a1ca8ae873c - Path: Assets/Scripts/ScoreWindow.cs - Importer: PreviewImporter
Importing 'GUID: 7705a2b4fc7a4f6488119a1ca8ae873c - Path: Assets/Scripts/ScoreWindow.cs - Importer: PreviewImporter' with importer (PreviewImporter)
Imported 'GUID: 7705a2b4fc7a4f6488119a1ca8ae873c' -> (Import Result ID: '1a22615a5126d615da3a5f676becca68') in 0.001 seconds [static and dynamic dependencies]. Details - ImportResultOutputID=3d9b8957d7d29e15c5f258933078381c DependenciesID=1205ad80ed1bf0316e20f44a1c3d5209 StaticDependenciesID=5c561050cef3f6c1e11ce9ea03d64655 
Number of updated asset objects reloaded before import = 0
Number of asset objects unloaded after import = 0
========================================================================
Received Import Request.
  Time of request: 2026-09-09T21:20:12.2611743Z
  Time since last request: 0.0045339 seconds.
  importAddress: GUID: 7705a2b4fc7a4f6488119a1ca8ae873c - Path: Assets/Scripts/ScoreWindow.cs - Importer: PreviewImporter
Importing 'GUID: 7705a2b4fc7a4f6488119a1ca8ae873c - Path: Assets/Scripts/ScoreWindow.cs - Importer: PreviewImporter' with importer (PreviewImporter)
Imported 'GUID: 7705a2b4fc7a4f6488119a1ca8ae873c' -> (Import Result ID: '1a22615a5126d615da3a5f676becca68') in 0.001 seconds [static and dynamic dependencies]. Details - ImportResultOutputID=3d9b8957d7d29e15c5f258933078381c DependenciesID=1205ad80ed1bf0316e20f44a1c3d5209 StaticDependenciesID=5c561050cef3f6c1e11ce9ea03d64655 
Number of updated asset objects reloaded before import = 0
Number of asset objects unloaded after import = 0
========================================================================
Received Import Request.
  Time of request: 2026-09-09T21:20:12.3113191Z
  Time since last request: 0.0041699 seconds.
  importAddress: GUID: 7705a2b4fc7a4f6488119a1ca8ae873c - Path: Assets/Scripts/ScoreWindow.cs - Importer: PreviewImporter
Importing 'GUID: 7705a2b4fc7a4f6488119a1ca8ae873c - Path: Assets/Scripts/ScoreWindow.cs - Importer: PreviewImporter' with importer (PreviewImporter)
Imported 'GUID: 7705a2b4fc7a4f6488119a1ca8ae873c' -> (Import Result ID: '1a22615a5126d615da3a5f676becca68') in 0.002 seconds [static and dynamic dependencies]. Details - ImportResultOutputID=3d9b8957d7d29e15c5f258933078381c DependenciesID=1205ad80ed1bf0316e20f44a1c3d5209 StaticDependenciesID=5c561050cef3f6c1e11ce9ea03d64655 
Number of updated asset objects reloaded before import = 0
Number of asset objects unloaded after import = 0
========================================================================
Received Import Request.
  Time of request: 2026-09-09T21:20:12.3655255Z
  Time since last request: 0.0040251 seconds.
  importAddress: GUID: 7705a2b4fc7a4f6488119a1ca8ae873c - Path: Assets/Scripts/ScoreWindow.cs - Importer: PreviewImporter
Importing 'GUID: 7705a2b4fc7a4f6488119a1ca8ae873c - Path: Assets/Scripts/ScoreWindow.cs - Importer: PreviewImporter' with importer (PreviewImporter)
Imported 'GUID: 7705a2b4fc7a4f6488119a1ca8ae873c' -> (Import Result ID: '1a22615a5126d615da3a5f676becca68') in 0.002 seconds [static and dynamic dependencies]. Details - ImportResultOutputID=3d9b8957d7d29e15c5f258933078381c DependenciesID=1205ad80ed1bf0316e20f44a1c3d5209 StaticDependenciesID=5c561050cef3f6c1e11ce9ea03d64655 
Number of updated asset objects reloaded before import = 0
Number of asset objects unloaded after import = 0
========================================================================
Received Import Request.
  Time of request: 2026-09-09T21:20:12.432256Z
  Time since last request: 0.0093946 seconds.
  importAddress: GUID: 7705a2b4fc7a4f6488119a1ca8ae873c - Path: Assets/Scripts/ScoreWindow.cs - Importer: PreviewImporter
Importing 'GUID: 7705a2b4fc7a4f6488119a1ca8ae873c - Path: Assets/Scripts/ScoreWindow.cs - Importer: PreviewImporter' with importer (PreviewImporter)
Imported 'GUID: 7705a2b4fc7a4f6488119a1ca8ae873c' -> (Import Result ID: '1a22615a5126d615da3a5f676becca68') in 0.002 seconds [static and dynamic dependencies]. Details - ImportResultOutputID=3d9b8957d7d29e15c5f258933078381c DependenciesID=1205ad80ed1bf0316e20f44a1c3d5209 StaticDependenciesID=5c561050cef3f6c1e11ce9ea03d64655 
Number of updated asset objects reloaded before import = 0
Number of asset objects unloaded after import = 0
========================================================================
Received Import Request.
  Time of request: 2026-09-09T21:20:12.4927912Z
  Time since last request: 0.0031447 seconds.
  importAddress: GUID: 7705a2b4fc7a4f6488119a1ca8ae873c - Path: Assets/Scripts/ScoreWindow.cs - Importer: PreviewImporter
Importing 'GUID: 7705a2b4fc7a4f6488119a1ca8ae873c - Path: Assets/Scripts/ScoreWindow.cs - Importer: PreviewImporter' with importer (PreviewImporter)
Imported 'GUID: 7705a2b4fc7a4f6488119a1ca8ae873c' -> (Import Result ID: '1a22615a5126d615da3a5f676becca68') in 0.002 seconds [static and dynamic dependencies]. Details - ImportResultOutputID=3d9b8957d7d29e15c5f258933078381c DependenciesID=1205ad80ed1bf0316e20f44a1c3d5209 StaticDependenciesID=5c561050cef3f6c1e11ce9ea03d64655 
Number of updated asset objects reloaded before import = 0
Number of asset objects unloaded after import = 0
========================================================================
Received Import Request.
  Time of request: 2026-09-09T21:20:12.5702272Z
  Time since last request: 0.0104061 seconds.
  importAddress: GUID: 7705a2b4fc7a4f6488119a1ca8ae873c - Path: Assets/Scripts/ScoreWindow.cs - Importer: PreviewImporter
Importing 'GUID: 7705a2b4fc7a4f6488119a1ca8ae873c - Path: Assets/Scripts/ScoreWindow.cs - Importer: PreviewImporter' with importer (PreviewImporter)
Imported 'GUID: 7705a2b4fc7a4f6488119a1ca8ae873c' -> (Import Result ID: '1a22615a5126d615da3a5f676becca68') in 0.002 seconds [static and dynamic dependencies]. Details - ImportResultOutputID=3d9b8957d7d29e15c5f258933078381c DependenciesID=1205ad80ed1bf0316e20f44a1c3d5209 StaticDependenciesID=5c561050cef3f6c1e11ce9ea03d64655 
Number of updated asset objects reloaded before import = 0
Number of asset objects unloaded after import = 0
========================================================================
Received Import Request.
  Time of request: 2026-09-09T21:20:12.630898Z
  Time since last request: 0.0050023 seconds.
  importAddress: GUID: 7705a2b4fc7a4f6488119a1ca8ae873c - Path: Assets/Scripts/ScoreWindow.cs - Importer: PreviewImporter
Importing 'GUID: 7705a2b4fc7a4f6488119a1ca8ae873c - Path: Assets/Scripts/ScoreWindow.cs - Importer: PreviewImporter' with importer (PreviewImporter)
Imported 'GUID: 7705a2b4fc7a4f6488119a1ca8ae873c' -> (Import Result ID: '1a22615a5126d615da3a5f676becca68') in 0.002 seconds [static and dynamic dependencies]. Details - ImportResultOutputID=3d9b8957d7d29e15c5f258933078381c DependenciesID=1205ad80ed1bf0316e20f44a1c3d5209 StaticDependenciesID=5c561050cef3f6c1e11ce9ea03d64655 
Number of updated asset objects reloaded before import = 0
Number of asset objects unloaded after import = 0
========================================================================
Received Import Request.
  Time of request: 2026-09-09T21:20:12.697463Z
  Time since last request: 0.0035013 seconds.
  importAddress: GUID: 7705a2b4fc7a4f6488119a1ca8ae873c - Path: Assets/Scripts/ScoreWindow.cs - Importer: PreviewImporter
Importing 'GUID: 7705a2b4fc7a4f6488119a1ca8ae873c - Path: Assets/Scripts/ScoreWindow.cs - Importer: PreviewImporter' with importer (PreviewImporter)
Imported 'GUID: 7705a2b4fc7a4f6488119a1ca8ae873c' -> (Import Result ID: '1a22615a5126d615da3a5f676becca68') in 0.002 seconds [static and dynamic dependencies]. Details - ImportResultOutputID=3d9b8957d7d29e15c5f258933078381c DependenciesID=1205ad80ed1bf0316e20f44a1c3d5209 StaticDependenciesID=5c561050cef3f6c1e11ce9ea03d64655 
Number of updated asset objects reloaded before import = 0
Number of asset objects unloaded after import = 0
========================================================================
Received Import Request.
  Time of request: 2026-09-09T21:20:12.7587573Z
  Time since last request: 0.0024529 seconds.
  importAddress: GUID: 7705a2b4fc7a4f6488119a1ca8ae873c - Path: Assets/Scripts/ScoreWindow.cs - Importer: PreviewImporter
Importing 'GUID: 7705a2b4fc7a4f6488119a1ca8ae873c - Path: Assets/Scripts/ScoreWindow.cs - Importer: PreviewImporter' with importer (PreviewImporter)
Imported 'GUID: 7705a2b4fc7a4f6488119a1ca8ae873c' -> (Import Result ID: '1a22615a5126d615da3a5f676becca68') in 0.002 seconds [static and dynamic dependencies]. Details - ImportResultOutputID=3d9b8957d7d29e15c5f258933078381c DependenciesID=1205ad80ed1bf0316e20f44a1c3d5209 StaticDependenciesID=5c561050cef3f6c1e11ce9ea03d64655 
Number of updated asset objects reloaded before import = 0
Number of asset objects unloaded after import = 0
========================================================================
Received Import Request.
  Time of request: 2026-09-09T21:20:12.8205803Z
  Time since last request: 0.0048738 seconds.
  importAddress: GUID: 7705a2b4fc7a4f6488119a1ca8ae873c - Path: Assets/Scripts/ScoreWindow.cs - Importer: PreviewImporter
Importing 'GUID: 7705a2b4fc7a4f6488119a1ca8ae873c - Path: Assets/Scripts/ScoreWindow.cs - Importer: PreviewImporter' with importer (PreviewImporter)
Imported 'GUID: 7705a2b4fc7a4f6488119a1ca8ae873c' -> (Import Result ID: '1a22615a5126d615da3a5f676becca68') in 0.002 seconds [static and dynamic dependencies]. Details - ImportResultOutputID=3d9b8957d7d29e15c5f258933078381c DependenciesID=1205ad80ed1bf0316e20f44a1c3d5209 StaticDependenciesID=5c561050cef3f6c1e11ce9ea03d64655 
Number of updated asset objects reloaded before import = 0
Number of asset objects unloaded after import = 0
========================================================================
Received Import Request.
  Time of request: 2026-09-09T21:20:12.8775565Z
  Time since last request: 0.0020473 seconds.
  importAddress: GUID: 7705a2b4fc7a4f6488119a1ca8ae873c - Path: Assets/Scripts/ScoreWindow.cs - Importer: PreviewImporter
Importing 'GUID: 7705a2b4fc7a4f6488119a1ca8ae873c - Path: Assets/Scripts/ScoreWindow.cs - Importer: PreviewImporter' with importer (PreviewImporter)
Imported 'GUID: 7705a2b4fc7a4f6488119a1ca8ae873c' -> (Import Result ID: '1a22615a5126d615da3a5f676becca68') in 0.002 seconds [static and dynamic dependencies]. Details - ImportResultOutputID=3d9b8957d7d29e15c5f258933078381c DependenciesID=1205ad80ed1bf0316e20f44a1c3d5209 StaticDependenciesID=5c561050cef3f6c1e11ce9ea03d64655 
Number of updated asset objects reloaded before import = 0
Number of asset objects unloaded after import = 0
========================================================================
Received Import Request.
  Time of request: 2026-09-09T21:20:12.9343589Z
  Time since last request: 0.0011561 seconds.
  importAddress: GUID: 7705a2b4fc7a4f6488119a1ca8ae873c - Path: Assets/Scripts/ScoreWindow.cs - Importer: PreviewImporter
Importing 'GUID: 7705a2b4fc7a4f6488119a1ca8ae873c - Path: Assets/Scripts/ScoreWindow.cs - Importer: PreviewImporter' with importer (PreviewImporter)
Imported 'GUID: 7705a2b4fc7a4f6488119a1ca8ae873c' -> (Import Result ID: '1a22615a5126d615da3a5f676becca68') in 0.002 seconds [static and dynamic dependencies]. Details - ImportResultOutputID=3d9b8957d7d29e15c5f258933078381c DependenciesID=1205ad80ed1bf0316e20f44a1c3d5209 StaticDependenciesID=5c561050cef3f6c1e11ce9ea03d64655 
Number of updated asset objects reloaded before import = 0
Number of asset objects unloaded after import = 0
========================================================================
Received Import Request.
  Time of request: 2026-09-09T21:20:13.0090409Z
  Time since last request: 0.0111688 seconds.
  importAddress: GUID: 7705a2b4fc7a4f6488119a1ca8ae873c - Path: Assets/Scripts/ScoreWindow.cs - Importer: PreviewImporter
Importing 'GUID: 7705a2b4fc7a4f6488119a1ca8ae873c - Path: Assets/Scripts/ScoreWindow.cs - Importer: PreviewImporter' with importer (PreviewImporter)
Imported 'GUID: 7705a2b4fc7a4f6488119a1ca8ae873c' -> (Import Result ID: '1a22615a5126d615da3a5f676becca68') in 0.004 seconds [static and dynamic dependencies]. Details - ImportResultOutputID=3d9b8957d7d29e15c5f258933078381c DependenciesID=1205ad80ed1bf0316e20f44a1c3d5209 StaticDependenciesID=5c561050cef3f6c1e11ce9ea03d64655 
Number of updated asset objects reloaded before import = 0
Number of asset objects unloaded after import = 0
========================================================================
Received Import Request.
  Time of request: 2026-09-09T21:20:13.0921366Z
  Time since last request: 0.008071 seconds.
  importAddress: GUID: 7705a2b4fc7a4f6488119a1ca8ae873c - Path: Assets/Scripts/ScoreWindow.cs - Importer: PreviewImporter
Importing 'GUID: 7705a2b4fc7a4f6488119a1ca8ae873c - Path: Assets/Scripts/ScoreWindow.cs - Importer: PreviewImporter' with importer (PreviewImporter)
Imported 'GUID: 7705a2b4fc7a4f6488119a1ca8ae873c' -> (Import Result ID: '1a22615a5126d615da3a5f676becca68') in 0.002 seconds [static and dynamic dependencies]. Details - ImportResultOutputID=3d9b8957d7d29e15c5f258933078381c DependenciesID=1205ad80ed1bf0316e20f44a1c3d5209 StaticDependenciesID=5c561050cef3f6c1e11ce9ea03d64655 
Number of updated asset objects reloaded before import = 0
Number of asset objects unloaded after import = 0
========================================================================
Received Import Request.
  Time of request: 2026-09-09T21:20:13.1894568Z
  Time since last request: 0.0097661 seconds.
  importAddress: GUID: 7705a2b4fc7a4f6488119a1ca8ae873c - Path: Assets/Scripts/ScoreWindow.cs - Importer: PreviewImporter
Importing 'GUID: 7705a2b4fc7a4f6488119a1ca8ae873c - Path: Assets/Scripts/ScoreWindow.cs - Importer: PreviewImporter' with importer (PreviewImporter)
Imported 'GUID: 7705a2b4fc7a4f6488119a1ca8ae873c' -> (Import Result ID: '1a22615a5126d615da3a5f676becca68') in 0.002 seconds [static and dynamic dependencies]. Details - ImportResultOutputID=3d9b8957d7d29e15c5f258933078381c DependenciesID=1205ad80ed1bf0316e20f44a1c3d5209 StaticDependenciesID=5c561050cef3f6c1e11ce9ea03d64655 
Number of updated asset objects reloaded before import = 0
Number of asset objects unloaded after import = 0
========================================================================
Received Import Request.
  Time of request: 2026-09-09T21:20:13.2530461Z
  Time since last request: 0.0026272 seconds.
  importAddress: GUID: 7705a2b4fc7a4f6488119a1ca8ae873c - Path: Assets/Scripts/ScoreWindow.cs - Importer: PreviewImporter
Importing 'GUID: 7705a2b4fc7a4f6488119a1ca8ae873c - Path: Assets/Scripts/ScoreWindow.cs - Importer: PreviewImporter' with importer (PreviewImporter)
Imported 'GUID: 7705a2b4fc7a4f6488119a1ca8ae873c' -> (Import Result ID: '1a22615a5126d615da3a5f676becca68') in 0.002 seconds [static and dynamic dependencies]. Details - ImportResultOutputID=3d9b8957d7d29e15c5f258933078381c DependenciesID=1205ad80ed1bf0316e20f44a1c3d5209 StaticDependenciesID=5c561050cef3f6c1e11ce9ea03d64655 
Number of updated asset objects reloaded before import = 0
Number of asset objects unloaded after import = 0
========================================================================
Received Import Request.
  Time of request: 2026-09-09T21:20:13.3354912Z
  Time since last request: 0.0159063 seconds.
  importAddress: GUID: 7705a2b4fc7a4f6488119a1ca8ae873c - Path: Assets/Scripts/ScoreWindow.cs - Importer: PreviewImporter
Importing 'GUID: 7705a2b4fc7a4f6488119a1ca8ae873c - Path: Assets/Scripts/ScoreWindow.cs - Importer: PreviewImporter' with importer (PreviewImporter)
Imported 'GUID: 7705a2b4fc7a4f6488119a1ca8ae873c' -> (Import Result ID: '1a22615a5126d615da3a5f676becca68') in 0.002 seconds [static and dynamic dependencies]. Details - ImportResultOutputID=3d9b8957d7d29e15c5f258933078381c DependenciesID=1205ad80ed1bf0316e20f44a1c3d5209 StaticDependenciesID=5c561050cef3f6c1e11ce9ea03d64655 
Number of updated asset objects reloaded before import = 0
Number of asset objects unloaded after import = 0
========================================================================
Received Import Request.
  Time of request: 2026-09-09T21:20:13.3957689Z
  Time since last request: 0.0025218 seconds.
  importAddress: GUID: 7705a2b4fc7a4f6488119a1ca8ae873c - Path: Assets/Scripts/ScoreWindow.cs - Importer: PreviewImporter
Importing 'GUID: 7705a2b4fc7a4f6488119a1ca8ae873c - Path: Assets/Scripts/ScoreWindow.cs - Importer: PreviewImporter' with importer (PreviewImporter)
Imported 'GUID: 7705a2b4fc7a4f6488119a1ca8ae873c' -> (Import Result ID: '1a22615a5126d615da3a5f676becca68') in 0.002 seconds [static and dynamic dependencies]. Details - ImportResultOutputID=3d9b8957d7d29e15c5f258933078381c DependenciesID=1205ad80ed1bf0316e20f44a1c3d5209 StaticDependenciesID=5c561050cef3f6c1e11ce9ea03d64655 
Number of updated asset objects reloaded before import = 0
Number of asset objects unloaded after import = 0
========================================================================
Received Import Request.
  Time of request: 2026-09-09T21:20:13.4555753Z
  Time since last request: 0.0025966 seconds.
  importAddress: GUID: 7705a2b4fc7a4f6488119a1ca8ae873c - Path: Assets/Scripts/ScoreWindow.cs - Importer: PreviewImporter
Importing 'GUID: 7705a2b4fc7a4f6488119a1ca8ae873c - Path: Assets/Scripts/ScoreWindow.cs - Importer: PreviewImporter' with importer (PreviewImporter)
Imported 'GUID: 7705a2b4fc7a4f6488119a1ca8ae873c' -> (Import Result ID: '1a22615a5126d615da3a5f676becca68') in 0.002 seconds [static and dynamic dependencies]. Details - ImportResultOutputID=3d9b8957d7d29e15c5f258933078381c DependenciesID=1205ad80ed1bf0316e20f44a1c3d5209 StaticDependenciesID=5c561050cef3f6c1e11ce9ea03d64655 
Number of updated asset objects reloaded before import = 0
Number of asset objects unloaded after import = 0
========================================================================
Received Import Request.
  Time of request: 2026-09-09T21:20:13.5198172Z
  Time since last request: 0.0037602 seconds.
  importAddress: GUID: 7705a2b4fc7a4f6488119a1ca8ae873c - Path: Assets/Scripts/ScoreWindow.cs - Importer: PreviewImporter
Importing 'GUID: 7705a2b4fc7a4f6488119a1ca8ae873c - Path: Assets/Scripts/ScoreWindow.cs - Importer: PreviewImporter' with importer (PreviewImporter)
Imported 'GUID: 7705a2b4fc7a4f6488119a1ca8ae873c' -> (Import Result ID: '1a22615a5126d615da3a5f676becca68') in 0.002 seconds [static and dynamic dependencies]. Details - ImportResultOutputID=3d9b8957d7d29e15c5f258933078381c DependenciesID=1205ad80ed1bf0316e20f44a1c3d5209 StaticDependenciesID=5c561050cef3f6c1e11ce9ea03d64655 
Number of updated asset objects reloaded before import = 0
Number of asset objects unloaded after import = 0
========================================================================
Received Import Request.
  Time of request: 2026-09-09T21:20:13.5847374Z
  Time since last request: 0.0092755 seconds.
  importAddress: GUID: 7705a2b4fc7a4f6488119a1ca8ae873c - Path: Assets/Scripts/ScoreWindow.cs - Importer: PreviewImporter
Importing 'GUID: 7705a2b4fc7a4f6488119a1ca8ae873c - Path: Assets/Scripts/ScoreWindow.cs - Importer: PreviewImporter' with importer (PreviewImporter)
Imported 'GUID: 7705a2b4fc7a4f6488119a1ca8ae873c' -> (Import Result ID: '1a22615a5126d615da3a5f676becca68') in 0.002 seconds [static and dynamic dependencies]. Details - ImportResultOutputID=3d9b8957d7d29e15c5f258933078381c DependenciesID=1205ad80ed1bf0316e20f44a1c3d5209 StaticDependenciesID=5c561050cef3f6c1e11ce9ea03d64655 
Number of updated asset objects reloaded before import = 0
Number of asset objects unloaded after import = 0
========================================================================
Received Import Request.
  Time of request: 2026-09-09T21:20:13.6452996Z
  Time since last request: 0.011212 seconds.
  importAddress: GUID: 7705a2b4fc7a4f6488119a1ca8ae873c - Path: Assets/Scripts/ScoreWindow.cs - Importer: PreviewImporter
Importing 'GUID: 7705a2b4fc7a4f6488119a1ca8ae873c - Path: Assets/Scripts/ScoreWindow.cs - Importer: PreviewImporter' with importer (PreviewImporter)
Imported 'GUID: 7705a2b4fc7a4f6488119a1ca8ae873c' -> (Import Result ID: '1a22615a5126d615da3a5f676becca68') in 0.002 seconds [static and dynamic dependencies]. Details - ImportResultOutputID=3d9b8957d7d29e15c5f258933078381c DependenciesID=1205ad80ed1bf0316e20f44a1c3d5209 StaticDependenciesID=5c561050cef3f6c1e11ce9ea03d64655 
Number of updated asset objects reloaded before import = 0
Number of asset objects unloaded after import = 0
========================================================================
Received Import Request.
  Time of request: 2026-09-09T21:20:13.7018516Z
  Time since last request: 0.0051035 seconds.
  importAddress: GUID: 7705a2b4fc7a4f6488119a1ca8ae873c - Path: Assets/Scripts/ScoreWindow.cs - Importer: PreviewImporter
Importing 'GUID: 7705a2b4fc7a4f6488119a1ca8ae873c - Path: Assets/Scripts/ScoreWindow.cs - Importer: PreviewImporter' with importer (PreviewImporter)
Imported 'GUID: 7705a2b4fc7a4f6488119a1ca8ae873c' -> (Import Result ID: '1a22615a5126d615da3a5f676becca68') in 0.002 seconds [static and dynamic dependencies]. Details - ImportResultOutputID=3d9b8957d7d29e15c5f258933078381c DependenciesID=1205ad80ed1bf0316e20f44a1c3d5209 StaticDependenciesID=5c561050cef3f6c1e11ce9ea03d64655 
Number of updated asset objects reloaded before import = 0
Number of asset objects unloaded after import = 0
========================================================================
Received Import Request.
  Time of request: 2026-09-09T21:20:13.7564317Z
  Time since last request: 0.0024793 seconds.
  importAddress: GUID: 7705a2b4fc7a4f6488119a1ca8ae873c - Path: Assets/Scripts/ScoreWindow.cs - Importer: PreviewImporter
Importing 'GUID: 7705a2b4fc7a4f6488119a1ca8ae873c - Path: Assets/Scripts/ScoreWindow.cs - Importer: PreviewImporter' with importer (PreviewImporter)
Imported 'GUID: 7705a2b4fc7a4f6488119a1ca8ae873c' -> (Import Result ID: '1a22615a5126d615da3a5f676becca68') in 0.002 seconds [static and dynamic dependencies]. Details - ImportResultOutputID=3d9b8957d7d29e15c5f258933078381c DependenciesID=1205ad80ed1bf0316e20f44a1c3d5209 StaticDependenciesID=5c561050cef3f6c1e11ce9ea03d64655 
Number of updated asset objects reloaded before import = 0
Number of asset objects unloaded after import = 0
========================================================================
Received Import Request.
  Time of request: 2026-09-09T21:20:13.8291106Z
  Time since last request: 0.0059623 seconds.
  importAddress: GUID: 7705a2b4fc7a4f6488119a1ca8ae873c - Path: Assets/Scripts/ScoreWindow.cs - Importer: PreviewImporter
Importing 'GUID: 7705a2b4fc7a4f6488119a1ca8ae873c - Path: Assets/Scripts/ScoreWindow.cs - Importer: PreviewImporter' with importer (PreviewImporter)
Imported 'GUID: 7705a2b4fc7a4f6488119a1ca8ae873c' -> (Import Result ID: '1a22615a5126d615da3a5f676becca68') in 0.003 seconds [static and dynamic dependencies]. Details - ImportResultOutputID=3d9b8957d7d29e15c5f258933078381c DependenciesID=1205ad80ed1bf0316e20f44a1c3d5209 StaticDependenciesID=5c561050cef3f6c1e11ce9ea03d64655 
Number of updated asset objects reloaded before import = 0
Number of asset objects unloaded after import = 0
========================================================================
Received Import Request.
  Time of request: 2026-09-09T21:20:13.9265768Z
  Time since last request: 0.0089044 seconds.
  importAddress: GUID: 7705a2b4fc7a4f6488119a1ca8ae873c - Path: Assets/Scripts/ScoreWindow.cs - Importer: PreviewImporter
Importing 'GUID: 7705a2b4fc7a4f6488119a1ca8ae873c - Path: Assets/Scripts/ScoreWindow.cs - Importer: PreviewImporter' with importer (PreviewImporter)
Imported 'GUID: 7705a2b4fc7a4f6488119a1ca8ae873c' -> (Import Result ID: '1a22615a5126d615da3a5f676becca68') in 0.002 seconds [static and dynamic dependencies]. Details - ImportResultOutputID=3d9b8957d7d29e15c5f258933078381c DependenciesID=1205ad80ed1bf0316e20f44a1c3d5209 StaticDependenciesID=5c561050cef3f6c1e11ce9ea03d64655 
Number of updated asset objects reloaded before import = 0
Number of asset objects unloaded after import = 0
========================================================================
Received Import Request.
  Time of request: 2026-09-09T21:20:14.0292418Z
  Time since last request: 0.0124422 seconds.
  importAddress: GUID: 7705a2b4fc7a4f6488119a1ca8ae873c - Path: Assets/Scripts/ScoreWindow.cs - Importer: PreviewImporter
Importing 'GUID: 7705a2b4fc7a4f6488119a1ca8ae873c - Path: Assets/Scripts/ScoreWindow.cs - Importer: PreviewImporter' with importer (PreviewImporter)
Imported 'GUID: 7705a2b4fc7a4f6488119a1ca8ae873c' -> (Import Result ID: '1a22615a5126d615da3a5f676becca68') in 0.002 seconds [static and dynamic dependencies]. Details - ImportResultOutputID=3d9b8957d7d29e15c5f258933078381c DependenciesID=1205ad80ed1bf0316e20f44a1c3d5209 StaticDependenciesID=5c561050cef3f6c1e11ce9ea03d64655 
Number of updated asset objects reloaded before import = 0
Number of asset objects unloaded after import = 0
========================================================================
Received Import Request.
  Time of request: 2026-09-09T21:20:14.1110745Z
  Time since last request: 0.0043168 seconds.
  importAddress: GUID: 7705a2b4fc7a4f6488119a1ca8ae873c - Path: Assets/Scripts/ScoreWindow.cs - Importer: PreviewImporter
Importing 'GUID: 7705a2b4fc7a4f6488119a1ca8ae873c - Path: Assets/Scripts/ScoreWindow.cs - Importer: PreviewImporter' with importer (PreviewImporter)
Imported 'GUID: 7705a2b4fc7a4f6488119a1ca8ae873c' -> (Import Result ID: '1a22615a5126d615da3a5f676becca68') in 0.003 seconds [static and dynamic dependencies]. Details - ImportResultOutputID=3d9b8957d7d29e15c5f258933078381c DependenciesID=1205ad80ed1bf0316e20f44a1c3d5209 StaticDependenciesID=5c561050cef3f6c1e11ce9ea03d64655 
Number of updated asset objects reloaded before import = 0
Number of asset objects unloaded after import = 0
========================================================================
Received Import Request.
  Time of request: 2026-09-09T21:20:14.2315314Z
  Time since last request: 0.0440272 seconds.
  importAddress: GUID: 7705a2b4fc7a4f6488119a1ca8ae873c - Path: Assets/Scripts/ScoreWindow.cs - Importer: PreviewImporter
Importing 'GUID: 7705a2b4fc7a4f6488119a1ca8ae873c - Path: Assets/Scripts/ScoreWindow.cs - Importer: PreviewImporter' with importer (PreviewImporter)
Imported 'GUID: 7705a2b4fc7a4f6488119a1ca8ae873c' -> (Import Result ID: '1a22615a5126d615da3a5f676becca68') in 0.002 seconds [static and dynamic dependencies]. Details - ImportResultOutputID=3d9b8957d7d29e15c5f258933078381c DependenciesID=1205ad80ed1bf0316e20f44a1c3d5209 StaticDependenciesID=5c561050cef3f6c1e11ce9ea03d64655 
Number of updated asset objects reloaded before import = 0
Number of asset objects unloaded after import = 0
========================================================================
Received Import Request.
  Time of request: 2026-09-09T21:20:14.3108624Z
  Time since last request: 0.0094789 seconds.
  importAddress: GUID: 7705a2b4fc7a4f6488119a1ca8ae873c - Path: Assets/Scripts/ScoreWindow.cs - Importer: PreviewImporter
Importing 'GUID: 7705a2b4fc7a4f6488119a1ca8ae873c - Path: Assets/Scripts/ScoreWindow.cs - Importer: PreviewImporter' with importer (PreviewImporter)
Imported 'GUID: 7705a2b4fc7a4f6488119a1ca8ae873c' -> (Import Result ID: '1a22615a5126d615da3a5f676becca68') in 0.002 seconds [static and dynamic dependencies]. Details - ImportResultOutputID=3d9b8957d7d29e15c5f258933078381c DependenciesID=1205ad80ed1bf0316e20f44a1c3d5209 StaticDependenciesID=5c561050cef3f6c1e11ce9ea03d64655 
Number of updated asset objects reloaded before import = 0
Number of asset objects unloaded after import = 0
========================================================================
Received Import Request.
  Time of request: 2026-09-09T21:20:14.3869934Z
  Time since last request: 0.0093716 seconds.
  importAddress: GUID: 7705a2b4fc7a4f6488119a1ca8ae873c - Path: Assets/Scripts/ScoreWindow.cs - Importer: PreviewImporter
Importing 'GUID: 7705a2b4fc7a4f6488119a1ca8ae873c - Path: Assets/Scripts/ScoreWindow.cs - Importer: PreviewImporter' with importer (PreviewImporter)
Imported 'GUID: 7705a2b4fc7a4f6488119a1ca8ae873c' -> (Import Result ID: '1a22615a5126d615da3a5f676becca68') in 0.002 seconds [static and dynamic dependencies]. Details - ImportResultOutputID=3d9b8957d7d29e15c5f258933078381c DependenciesID=1205ad80ed1bf0316e20f44a1c3d5209 StaticDependenciesID=5c561050cef3f6c1e11ce9ea03d64655 
Number of updated asset objects reloaded before import = 0
Number of asset objects unloaded after import = 0
========================================================================
Received Import Request.
  Time of request: 2026-09-09T21:20:14.4580024Z
  Time since last request: 0.0027892 seconds.
  importAddress: GUID: 7705a2b4fc7a4f6488119a1ca8ae873c - Path: Assets/Scripts/ScoreWindow.cs - Importer: PreviewImporter
Importing 'GUID: 7705a2b4fc7a4f6488119a1ca8ae873c - Path: Assets/Scripts/ScoreWindow.cs - Importer: PreviewImporter' with importer (PreviewImporter)
Imported 'GUID: 7705a2b4fc7a4f6488119a1ca8ae873c' -> (Import Result ID: '1a22615a5126d615da3a5f676becca68') in 0.002 seconds [static and dynamic dependencies]. Details - ImportResultOutputID=3d9b8957d7d29e15c5f258933078381c DependenciesID=1205ad80ed1bf0316e20f44a1c3d5209 StaticDependenciesID=5c561050cef3f6c1e11ce9ea03d64655 
Number of updated asset objects reloaded before import = 0
Number of asset objects unloaded after import = 0
========================================================================
Received Import Request.
  Time of request: 2026-09-09T21:20:14.53913Z
  Time since last request: 0.0108265 seconds.
  importAddress: GUID: 7705a2b4fc7a4f6488119a1ca8ae873c - Path: Assets/Scripts/ScoreWindow.cs - Importer: PreviewImporter
Importing 'GUID: 7705a2b4fc7a4f6488119a1ca8ae873c - Path: Assets/Scripts/ScoreWindow.cs - Importer: PreviewImporter' with importer (PreviewImporter)
Imported 'GUID: 7705a2b4fc7a4f6488119a1ca8ae873c' -> (Import Result ID: '1a22615a5126d615da3a5f676becca68') in 0.002 seconds [static and dynamic dependencies]. Details - ImportResultOutputID=3d9b8957d7d29e15c5f258933078381c DependenciesID=1205ad80ed1bf0316e20f44a1c3d5209 StaticDependenciesID=5c561050cef3f6c1e11ce9ea03d64655 
Number of updated asset objects reloaded before import = 0
Number of asset objects unloaded after import = 0
========================================================================
Received Import Request.
  Time of request: 2026-09-09T21:20:14.6099539Z
  Time since last request: 0.0032256 seconds.
  importAddress: GUID: 7705a2b4fc7a4f6488119a1ca8ae873c - Path: Assets/Scripts/ScoreWindow.cs - Importer: PreviewImporter
Importing 'GUID: 7705a2b4fc7a4f6488119a1ca8ae873c - Path: Assets/Scripts/ScoreWindow.cs - Importer: PreviewImporter' with importer (PreviewImporter)
Imported 'GUID: 7705a2b4fc7a4f6488119a1ca8ae873c' -> (Import Result ID: '1a22615a5126d615da3a5f676becca68') in 0.002 seconds [static and dynamic dependencies]. Details - ImportResultOutputID=3d9b8957d7d29e15c5f258933078381c DependenciesID=1205ad80ed1bf0316e20f44a1c3d5209 StaticDependenciesID=5c561050cef3f6c1e11ce9ea03d64655 
Number of updated asset objects reloaded before import = 0
Number of asset objects unloaded after import = 0
========================================================================
Received Import Request.
  Time of request: 2026-09-09T21:20:14.6840895Z
  Time since last request: 0.0102718 seconds.
  importAddress: GUID: 7705a2b4fc7a4f6488119a1ca8ae873c - Path: Assets/Scripts/ScoreWindow.cs - Importer: PreviewImporter
Importing 'GUID: 7705a2b4fc7a4f6488119a1ca8ae873c - Path: Assets/Scripts/ScoreWindow.cs - Importer: PreviewImporter' with importer (PreviewImporter)
Imported 'GUID: 7705a2b4fc7a4f6488119a1ca8ae873c' -> (Import Result ID: '1a22615a5126d615da3a5f676becca68') in 0.002 seconds [static and dynamic dependencies]. Details - ImportResultOutputID=3d9b8957d7d29e15c5f258933078381c DependenciesID=1205ad80ed1bf0316e20f44a1c3d5209 StaticDependenciesID=5c561050cef3f6c1e11ce9ea03d64655 
Number of updated asset objects reloaded before import = 0
Number of asset objects unloaded after import = 0
========================================================================
Received Import Request.
  Time of request: 2026-09-09T21:20:14.7611646Z
  Time since last request: 0.0119988 seconds.
  importAddress: GUID: 7705a2b4fc7a4f6488119a1ca8ae873c - Path: Assets/Scripts/ScoreWindow.cs - Importer: PreviewImporter
Importing 'GUID: 7705a2b4fc7a4f6488119a1ca8ae873c - Path: Assets/Scripts/ScoreWindow.cs - Importer: PreviewImporter' with importer (PreviewImporter)
Imported 'GUID: 7705a2b4fc7a4f6488119a1ca8ae873c' -> (Import Result ID: '1a22615a5126d615da3a5f676becca68') in 0.002 seconds [static and dynamic dependencies]. Details - ImportResultOutputID=3d9b8957d7d29e15c5f258933078381c DependenciesID=1205ad80ed1bf0316e20f44a1c3d5209 StaticDependenciesID=5c561050cef3f6c1e11ce9ea03d64655 
Number of updated asset objects reloaded before import = 0
Number of asset objects unloaded after import = 0
========================================================================
Received Import Request.
  Time of request: 2026-09-09T21:20:14.8635729Z
  Time since last request: 0.0238431 seconds.
  importAddress: GUID: 7705a2b4fc7a4f6488119a1ca8ae873c - Path: Assets/Scripts/ScoreWindow.cs - Importer: PreviewImporter
Importing 'GUID: 7705a2b4fc7a4f6488119a1ca8ae873c - Path: Assets/Scripts/ScoreWindow.cs - Importer: PreviewImporter' with importer (PreviewImporter)
Imported 'GUID: 7705a2b4fc7a4f6488119a1ca8ae873c' -> (Import Result ID: '1a22615a5126d615da3a5f676becca68') in 0.003 seconds [static and dynamic dependencies]. Details - ImportResultOutputID=3d9b8957d7d29e15c5f258933078381c DependenciesID=1205ad80ed1bf0316e20f44a1c3d5209 StaticDependenciesID=5c561050cef3f6c1e11ce9ea03d64655 
Number of updated asset objects reloaded before import = 0
Number of asset objects unloaded after import = 0
========================================================================
Received Import Request.
  Time of request: 2026-09-09T21:20:14.9517214Z
  Time since last request: 0.0020208 seconds.
  importAddress: GUID: 7705a2b4fc7a4f6488119a1ca8ae873c - Path: Assets/Scripts/ScoreWindow.cs - Importer: PreviewImporter
Importing 'GUID: 7705a2b4fc7a4f6488119a1ca8ae873c - Path: Assets/Scripts/ScoreWindow.cs - Importer: PreviewImporter' with importer (PreviewImporter)
Imported 'GUID: 7705a2b4fc7a4f6488119a1ca8ae873c' -> (Import Result ID: '1a22615a5126d615da3a5f676becca68') in 0.002 seconds [static and dynamic dependencies]. Details - ImportResultOutputID=3d9b8957d7d29e15c5f258933078381c DependenciesID=1205ad80ed1bf0316e20f44a1c3d5209 StaticDependenciesID=5c561050cef3f6c1e11ce9ea03d64655 
Number of updated asset objects reloaded before import = 0
Number of asset objects unloaded after import = 0
========================================================================
Received Import Request.
  Time of request: 2026-09-09T21:20:15.044959Z
  Time since last request: 0.0098692 seconds.
  importAddress: GUID: 7705a2b4fc7a4f6488119a1ca8ae873c - Path: Assets/Scripts/ScoreWindow.cs - Importer: PreviewImporter
Importing 'GUID: 7705a2b4fc7a4f6488119a1ca8ae873c - Path: Assets/Scripts/ScoreWindow.cs - Importer: PreviewImporter' with importer (PreviewImporter)
Imported 'GUID: 7705a2b4fc7a4f6488119a1ca8ae873c' -> (Import Result ID: '1a22615a5126d615da3a5f676becca68') in 0.002 seconds [static and dynamic dependencies]. Details - ImportResultOutputID=3d9b8957d7d29e15c5f258933078381c DependenciesID=1205ad80ed1bf0316e20f44a1c3d5209 StaticDependenciesID=5c561050cef3f6c1e11ce9ea03d64655 
Number of updated asset objects reloaded before import = 0
Number of asset objects unloaded after import = 0
========================================================================
Received Import Request.
  Time of request: 2026-09-09T21:20:15.1195923Z
  Time since last request: 0.0026283 seconds.
  importAddress: GUID: 7705a2b4fc7a4f6488119a1ca8ae873c - Path: Assets/Scripts/ScoreWindow.cs - Importer: PreviewImporter
Importing 'GUID: 7705a2b4fc7a4f6488119a1ca8ae873c - Path: Assets/Scripts/ScoreWindow.cs - Importer: PreviewImporter' with importer (PreviewImporter)
Imported 'GUID: 7705a2b4fc7a4f6488119a1ca8ae873c' -> (Import Result ID: '1a22615a5126d615da3a5f676becca68') in 0.003 seconds [static and dynamic dependencies]. Details - ImportResultOutputID=3d9b8957d7d29e15c5f258933078381c DependenciesID=1205ad80ed1bf0316e20f44a1c3d5209 StaticDependenciesID=5c561050cef3f6c1e11ce9ea03d64655 
Number of updated asset objects reloaded before import = 0
Number of asset objects unloaded after import = 0
========================================================================
Received Import Request.
  Time of request: 2026-09-09T21:20:15.2128914Z
  Time since last request: 0.0112884 seconds.
  importAddress: GUID: 7705a2b4fc7a4f6488119a1ca8ae873c - Path: Assets/Scripts/ScoreWindow.cs - Importer: PreviewImporter
Importing 'GUID: 7705a2b4fc7a4f6488119a1ca8ae873c - Path: Assets/Scripts/ScoreWindow.cs - Importer: PreviewImporter' with importer (PreviewImporter)
Imported 'GUID: 7705a2b4fc7a4f6488119a1ca8ae873c' -> (Import Result ID: '1a22615a5126d615da3a5f676becca68') in 0.002 seconds [static and dynamic dependencies]. Details - ImportResultOutputID=3d9b8957d7d29e15c5f258933078381c DependenciesID=1205ad80ed1bf0316e20f44a1c3d5209 StaticDependenciesID=5c561050cef3f6c1e11ce9ea03d64655 
Number of updated asset objects reloaded before import = 0
Number of asset objects unloaded after import = 0
========================================================================
Received Import Request.
  Time of request: 2026-09-09T21:20:15.2938079Z
  Time since last request: 0.0112851 seconds.
  importAddress: GUID: 7705a2b4fc7a4f6488119a1ca8ae873c - Path: Assets/Scripts/ScoreWindow.cs - Importer: PreviewImporter
Importing 'GUID: 7705a2b4fc7a4f6488119a1ca8ae873c - Path: Assets/Scripts/ScoreWindow.cs - Importer: PreviewImporter' with importer (PreviewImporter)
Imported 'GUID: 7705a2b4fc7a4f6488119a1ca8ae873c' -> (Import Result ID: '1a22615a5126d615da3a5f676becca68') in 0.002 seconds [static and dynamic dependencies]. Details - ImportResultOutputID=3d9b8957d7d29e15c5f258933078381c DependenciesID=1205ad80ed1bf0316e20f44a1c3d5209 StaticDependenciesID=5c561050cef3f6c1e11ce9ea03d64655 
Number of updated asset objects reloaded before import = 0
Number of asset objects unloaded after import = 0
========================================================================
Received Import Request.
  Time of request: 2026-09-09T21:20:15.3701218Z
  Time since last request: 0.0094489 seconds.
  importAddress: GUID: 7705a2b4fc7a4f6488119a1ca8ae873c - Path: Assets/Scripts/ScoreWindow.cs - Importer: PreviewImporter
Importing 'GUID: 7705a2b4fc7a4f6488119a1ca8ae873c - Path: Assets/Scripts/ScoreWindow.cs - Importer: PreviewImporter' with importer (PreviewImporter)
Imported 'GUID: 7705a2b4fc7a4f6488119a1ca8ae873c' -> (Import Result ID: '1a22615a5126d615da3a5f676becca68') in 0.002 seconds [static and dynamic dependencies]. Details - ImportResultOutputID=3d9b8957d7d29e15c5f258933078381c DependenciesID=1205ad80ed1bf0316e20f44a1c3d5209 StaticDependenciesID=5c561050cef3f6c1e11ce9ea03d64655 
Number of updated asset objects reloaded before import = 0
Number of asset objects unloaded after import = 0
========================================================================
Received Import Request.
  Time of request: 2026-09-09T21:20:15.4407083Z
  Time since last request: 0.0022493 seconds.
  importAddress: GUID: 7705a2b4fc7a4f6488119a1ca8ae873c - Path: Assets/Scripts/ScoreWindow.cs - Importer: PreviewImporter
Importing 'GUID: 7705a2b4fc7a4f6488119a1ca8ae873c - Path: Assets/Scripts/ScoreWindow.cs - Importer: PreviewImporter' with importer (PreviewImporter)
Imported 'GUID: 7705a2b4fc7a4f6488119a1ca8ae873c' -> (Import Result ID: '1a22615a5126d615da3a5f676becca68') in 0.002 seconds [static and dynamic dependencies]. Details - ImportResultOutputID=3d9b8957d7d29e15c5f258933078381c DependenciesID=1205ad80ed1bf0316e20f44a1c3d5209 StaticDependenciesID=5c561050cef3f6c1e11ce9ea03d64655 
Number of updated asset objects reloaded before import = 0
Number of asset objects unloaded after import = 0
========================================================================
Received Import Request.
  Time of request: 2026-09-09T21:20:15.5204681Z
  Time since last request: 0.0164751 seconds.
  importAddress: GUID: 7705a2b4fc7a4f6488119a1ca8ae873c - Path: Assets/Scripts/ScoreWindow.cs - Importer: PreviewImporter
Importing 'GUID: 7705a2b4fc7a4f6488119a1ca8ae873c - Path: Assets/Scripts/ScoreWindow.cs - Importer: PreviewImporter' with importer (PreviewImporter)
Imported 'GUID: 7705a2b4fc7a4f6488119a1ca8ae873c' -> (Import Result ID: '1a22615a5126d615da3a5f676becca68') in 0.002 seconds [static and dynamic dependencies]. Details - ImportResultOutputID=3d9b8957d7d29e15c5f258933078381c DependenciesID=1205ad80ed1bf0316e20f44a1c3d5209 StaticDependenciesID=5c561050cef3f6c1e11ce9ea03d64655 
Number of updated asset objects reloaded before import = 0
Number of asset objects unloaded after import = 0
========================================================================
Received Import Request.
  Time of request: 2026-09-09T21:20:15.5870757Z
  Time since last request: 0.0099702 seconds.
  importAddress: GUID: 7705a2b4fc7a4f6488119a1ca8ae873c - Path: Assets/Scripts/ScoreWindow.cs - Importer: PreviewImporter
Importing 'GUID: 7705a2b4fc7a4f6488119a1ca8ae873c - Path: Assets/Scripts/ScoreWindow.cs - Importer: PreviewImporter' with importer (PreviewImporter)
Imported 'GUID: 7705a2b4fc7a4f6488119a1ca8ae873c' -> (Import Result ID: '1a22615a5126d615da3a5f676becca68') in 0.002 seconds [static and dynamic dependencies]. Details - ImportResultOutputID=3d9b8957d7d29e15c5f258933078381c DependenciesID=1205ad80ed1bf0316e20f44a1c3d5209 StaticDependenciesID=5c561050cef3f6c1e11ce9ea03d64655 
Number of updated asset objects reloaded before import = 0
Number of asset objects unloaded after import = 0
========================================================================
Received Import Request.
  Time of request: 2026-09-09T21:20:15.6560422Z
  Time since last request: 0.0061414 seconds.
  importAddress: GUID: 7705a2b4fc7a4f6488119a1ca8ae873c - Path: Assets/Scripts/ScoreWindow.cs - Importer: PreviewImporter
Importing 'GUID: 7705a2b4fc7a4f6488119a1ca8ae873c - Path: Assets/Scripts/ScoreWindow.cs - Importer: PreviewImporter' with importer (PreviewImporter)
Imported 'GUID: 7705a2b4fc7a4f6488119a1ca8ae873c' -> (Import Result ID: '1a22615a5126d615da3a5f676becca68') in 0.002 seconds [static and dynamic dependencies]. Details - ImportResultOutputID=3d9b8957d7d29e15c5f258933078381c DependenciesID=1205ad80ed1bf0316e20f44a1c3d5209 StaticDependenciesID=5c561050cef3f6c1e11ce9ea03d64655 
Number of updated asset objects reloaded before import = 0
Number of asset objects unloaded after import = 0
========================================================================
Received Import Request.
  Time of request: 2026-09-09T21:20:15.7256426Z
  Time since last request: 0.0089263 seconds.
  importAddress: GUID: 7705a2b4fc7a4f6488119a1ca8ae873c - Path: Assets/Scripts/ScoreWindow.cs - Importer: PreviewImporter
Importing 'GUID: 7705a2b4fc7a4f6488119a1ca8ae873c - Path: Assets/Scripts/ScoreWindow.cs - Importer: PreviewImporter' with importer (PreviewImporter)
Imported 'GUID: 7705a2b4fc7a4f6488119a1ca8ae873c' -> (Import Result ID: '1a22615a5126d615da3a5f676becca68') in 0.002 seconds [static and dynamic dependencies]. Details - ImportResultOutputID=3d9b8957d7d29e15c5f258933078381c DependenciesID=1205ad80ed1bf0316e20f44a1c3d5209 StaticDependenciesID=5c561050cef3f6c1e11ce9ea03d64655 
Number of updated asset objects reloaded before import = 0
Number of asset objects unloaded after import = 0
========================================================================
Received Import Request.
  Time of request: 2026-09-09T21:20:15.8006789Z
  Time since last request: 0.0090255 seconds.
  importAddress: GUID: 7705a2b4fc7a4f6488119a1ca8ae873c - Path: Assets/Scripts/ScoreWindow.cs - Importer: PreviewImporter
Importing 'GUID: 7705a2b4fc7a4f6488119a1ca8ae873c - Path: Assets/Scripts/ScoreWindow.cs - Importer: PreviewImporter' with importer (PreviewImporter)
Imported 'GUID: 7705a2b4fc7a4f6488119a1ca8ae873c' -> (Import Result ID: '1a22615a5126d615da3a5f676becca68') in 0.002 seconds [static and dynamic dependencies]. Details - ImportResultOutputID=3d9b8957d7d29e15c5f258933078381c DependenciesID=1205ad80ed1bf0316e20f44a1c3d5209 StaticDependenciesID=5c561050cef3f6c1e11ce9ea03d64655 
Number of updated asset objects reloaded before import = 0
Number of asset objects unloaded after import = 0
========================================================================
Received Import Request.
  Time of request: 2026-09-09T21:20:15.8664738Z
  Time since last request: 0.0038811 seconds.
  importAddress: GUID: 7705a2b4fc7a4f6488119a1ca8ae873c - Path: Assets/Scripts/ScoreWindow.cs - Importer: PreviewImporter
Importing 'GUID: 7705a2b4fc7a4f6488119a1ca8ae873c - Path: Assets/Scripts/ScoreWindow.cs - Importer: PreviewImporter' with importer (PreviewImporter)
Imported 'GUID: 7705a2b4fc7a4f6488119a1ca8ae873c' -> (Import Result ID: '1a22615a5126d615da3a5f676becca68') in 0.001 seconds [static and dynamic dependencies]. Details - ImportResultOutputID=3d9b8957d7d29e15c5f258933078381c DependenciesID=1205ad80ed1bf0316e20f44a1c3d5209 StaticDependenciesID=5c561050cef3f6c1e11ce9ea03d64655 
Number of updated asset objects reloaded before import = 0
Number of asset objects unloaded after import = 0
========================================================================
Received Import Request.
  Time of request: 2026-09-09T21:20:15.9223577Z
  Time since last request: 0.0010939 seconds.
  importAddress: GUID: 7705a2b4fc7a4f6488119a1ca8ae873c - Path: Assets/Scripts/ScoreWindow.cs - Importer: PreviewImporter
Importing 'GUID: 7705a2b4fc7a4f6488119a1ca8ae873c - Path: Assets/Scripts/ScoreWindow.cs - Importer: PreviewImporter' with importer (PreviewImporter)
Imported 'GUID: 7705a2b4fc7a4f6488119a1ca8ae873c' -> (Import Result ID: '1a22615a5126d615da3a5f676becca68') in 0.001 seconds [static and dynamic dependencies]. Details - ImportResultOutputID=3d9b8957d7d29e15c5f258933078381c DependenciesID=1205ad80ed1bf0316e20f44a1c3d5209 StaticDependenciesID=5c561050cef3f6c1e11ce9ea03d64655 
Number of updated asset objects reloaded before import = 0
Number of asset objects unloaded after import = 0
========================================================================
Received Import Request.
  Time of request: 2026-09-09T21:20:15.9783532Z
  Time since last request: 0.0077494 seconds.
  importAddress: GUID: 7705a2b4fc7a4f6488119a1ca8ae873c - Path: Assets/Scripts/ScoreWindow.cs - Importer: PreviewImporter
Importing 'GUID: 7705a2b4fc7a4f6488119a1ca8ae873c - Path: Assets/Scripts/ScoreWindow.cs - Importer: PreviewImporter' with importer (PreviewImporter)
Imported 'GUID: 7705a2b4fc7a4f6488119a1ca8ae873c' -> (Import Result ID: '1a22615a5126d615da3a5f676becca68') in 0.001 seconds [static and dynamic dependencies]. Details - ImportResultOutputID=3d9b8957d7d29e15c5f258933078381c DependenciesID=1205ad80ed1bf0316e20f44a1c3d5209 StaticDependenciesID=5c561050cef3f6c1e11ce9ea03d64655 
Number of updated asset objects reloaded before import = 0
Number of asset objects unloaded after import = 0
========================================================================
Received Import Request.
  Time of request: 2026-09-09T21:20:16.0268982Z
  Time since last request: 0.0015436 seconds.
  importAddress: GUID: 7705a2b4fc7a4f6488119a1ca8ae873c - Path: Assets/Scripts/ScoreWindow.cs - Importer: PreviewImporter
Importing 'GUID: 7705a2b4fc7a4f6488119a1ca8ae873c - Path: Assets/Scripts/ScoreWindow.cs - Importer: PreviewImporter' with importer (PreviewImporter)
Imported 'GUID: 7705a2b4fc7a4f6488119a1ca8ae873c' -> (Import Result ID: '1a22615a5126d615da3a5f676becca68') in 0.002 seconds [static and dynamic dependencies]. Details - ImportResultOutputID=3d9b8957d7d29e15c5f258933078381c DependenciesID=1205ad80ed1bf0316e20f44a1c3d5209 StaticDependenciesID=5c561050cef3f6c1e11ce9ea03d64655 
Number of updated asset objects reloaded before import = 0
Number of asset objects unloaded after import = 0
========================================================================
Received Import Request.
  Time of request: 2026-09-09T21:20:16.0793881Z
  Time since last request: 0.0029521 seconds.
  importAddress: GUID: 7705a2b4fc7a4f6488119a1ca8ae873c - Path: Assets/Scripts/ScoreWindow.cs - Importer: PreviewImporter
Importing 'GUID: 7705a2b4fc7a4f6488119a1ca8ae873c - Path: Assets/Scripts/ScoreWindow.cs - Importer: PreviewImporter' with importer (PreviewImporter)
Imported 'GUID: 7705a2b4fc7a4f6488119a1ca8ae873c' -> (Import Result ID: '1a22615a5126d615da3a5f676becca68') in 0.002 seconds [static and dynamic dependencies]. Details - ImportResultOutputID=3d9b8957d7d29e15c5f258933078381c DependenciesID=1205ad80ed1bf0316e20f44a1c3d5209 StaticDependenciesID=5c561050cef3f6c1e11ce9ea03d64655 
Number of updated asset objects reloaded before import = 0
Number of asset objects unloaded after import = 0
========================================================================
Received Import Request.
  Time of request: 2026-09-09T21:20:16.1337472Z
  Time since last request: 0.0011165 seconds.
  importAddress: GUID: 7705a2b4fc7a4f6488119a1ca8ae873c - Path: Assets/Scripts/ScoreWindow.cs - Importer: PreviewImporter
Importing 'GUID: 7705a2b4fc7a4f6488119a1ca8ae873c - Path: Assets/Scripts/ScoreWindow.cs - Importer: PreviewImporter' with importer (PreviewImporter)
Imported 'GUID: 7705a2b4fc7a4f6488119a1ca8ae873c' -> (Import Result ID: '1a22615a5126d615da3a5f676becca68') in 0.003 seconds [static and dynamic dependencies]. Details - ImportResultOutputID=3d9b8957d7d29e15c5f258933078381c DependenciesID=1205ad80ed1bf0316e20f44a1c3d5209 StaticDependenciesID=5c561050cef3f6c1e11ce9ea03d64655 
Number of updated asset objects reloaded before import = 0
Number of asset objects unloaded after import = 0
========================================================================
Received Import Request.
  Time of request: 2026-09-09T21:20:16.1993292Z
  Time since last request: 0.0015036 seconds.
  importAddress: GUID: 7705a2b4fc7a4f6488119a1ca8ae873c - Path: Assets/Scripts/ScoreWindow.cs - Importer: PreviewImporter
Importing 'GUID: 7705a2b4fc7a4f6488119a1ca8ae873c - Path: Assets/Scripts/ScoreWindow.cs - Importer: PreviewImporter' with importer (PreviewImporter)
Imported 'GUID: 7705a2b4fc7a4f6488119a1ca8ae873c' -> (Import Result ID: '1a22615a5126d615da3a5f676becca68') in 0.003 seconds [static and dynamic dependencies]. Details - ImportResultOutputID=3d9b8957d7d29e15c5f258933078381c DependenciesID=1205ad80ed1bf0316e20f44a1c3d5209 StaticDependenciesID=5c561050cef3f6c1e11ce9ea03d64655 
Number of updated asset objects reloaded before import = 0
Number of asset objects unloaded after import = 0
========================================================================
Received Import Request.
  Time of request: 2026-09-09T21:20:16.2982217Z
  Time since last request: 0.0159701 seconds.
  importAddress: GUID: 7705a2b4fc7a4f6488119a1ca8ae873c - Path: Assets/Scripts/ScoreWindow.cs - Importer: PreviewImporter
Importing 'GUID: 7705a2b4fc7a4f6488119a1ca8ae873c - Path: Assets/Scripts/ScoreWindow.cs - Importer: PreviewImporter' with importer (PreviewImporter)
Imported 'GUID: 7705a2b4fc7a4f6488119a1ca8ae873c' -> (Import Result ID: '1a22615a5126d615da3a5f676becca68') in 0.002 seconds [static and dynamic dependencies]. Details - ImportResultOutputID=3d9b8957d7d29e15c5f258933078381c DependenciesID=1205ad80ed1bf0316e20f44a1c3d5209 StaticDependenciesID=5c561050cef3f6c1e11ce9ea03d64655 
Number of updated asset objects reloaded before import = 0
Number of asset objects unloaded after import = 0
========================================================================
Received Import Request.
  Time of request: 2026-09-09T21:20:16.3667134Z
  Time since last request: 0.0029448 seconds.
  importAddress: GUID: 7705a2b4fc7a4f6488119a1ca8ae873c - Path: Assets/Scripts/ScoreWindow.cs - Importer: PreviewImporter
Importing 'GUID: 7705a2b4fc7a4f6488119a1ca8ae873c - Path: Assets/Scripts/ScoreWindow.cs - Importer: PreviewImporter' with importer (PreviewImporter)
Imported 'GUID: 7705a2b4fc7a4f6488119a1ca8ae873c' -> (Import Result ID: '1a22615a5126d615da3a5f676becca68') in 0.002 seconds [static and dynamic dependencies]. Details - ImportResultOutputID=3d9b8957d7d29e15c5f258933078381c DependenciesID=1205ad80ed1bf0316e20f44a1c3d5209 StaticDependenciesID=5c561050cef3f6c1e11ce9ea03d64655 
Number of updated asset objects reloaded before import = 0
Number of asset objects unloaded after import = 0
========================================================================
Received Import Request.
  Time of request: 2026-09-09T21:20:16.4528421Z
  Time since last request: 0.0138923 seconds.
  importAddress: GUID: 7705a2b4fc7a4f6488119a1ca8ae873c - Path: Assets/Scripts/ScoreWindow.cs - Importer: PreviewImporter
Importing 'GUID: 7705a2b4fc7a4f6488119a1ca8ae873c - Path: Assets/Scripts/ScoreWindow.cs - Importer: PreviewImporter' with importer (PreviewImporter)
Imported 'GUID: 7705a2b4fc7a4f6488119a1ca8ae873c' -> (Import Result ID: '1a22615a5126d615da3a5f676becca68') in 0.002 seconds [static and dynamic dependencies]. Details - ImportResultOutputID=3d9b8957d7d29e15c5f258933078381c DependenciesID=1205ad80ed1bf0316e20f44a1c3d5209 StaticDependenciesID=5c561050cef3f6c1e11ce9ea03d64655 
Number of updated asset objects reloaded before import = 0
Number of asset objects unloaded after import = 0
========================================================================
Received Import Request.
  Time of request: 2026-09-09T21:20:16.5288544Z
  Time since last request: 0.0054911 seconds.
  importAddress: GUID: 7705a2b4fc7a4f6488119a1ca8ae873c - Path: Assets/Scripts/ScoreWindow.cs - Importer: PreviewImporter
Importing 'GUID: 7705a2b4fc7a4f6488119a1ca8ae873c - Path: Assets/Scripts/ScoreWindow.cs - Importer: PreviewImporter' with importer (PreviewImporter)
Imported 'GUID: 7705a2b4fc7a4f6488119a1ca8ae873c' -> (Import Result ID: '1a22615a5126d615da3a5f676becca68') in 0.002 seconds [static and dynamic dependencies]. Details - ImportResultOutputID=3d9b8957d7d29e15c5f258933078381c DependenciesID=1205ad80ed1bf0316e20f44a1c3d5209 StaticDependenciesID=5c561050cef3f6c1e11ce9ea03d64655 
Number of updated asset objects reloaded before import = 0
Number of asset objects unloaded after import = 0
========================================================================
Received Import Request.
  Time of request: 2026-09-09T21:20:16.5927353Z
  Time since last request: 0.0012544 seconds.
  importAddress: GUID: 7705a2b4fc7a4f6488119a1ca8ae873c - Path: Assets/Scripts/ScoreWindow.cs - Importer: PreviewImporter
Importing 'GUID: 7705a2b4fc7a4f6488119a1ca8ae873c - Path: Assets/Scripts/ScoreWindow.cs - Importer: PreviewImporter' with importer (PreviewImporter)
Imported 'GUID: 7705a2b4fc7a4f6488119a1ca8ae873c' -> (Import Result ID: '1a22615a5126d615da3a5f676becca68') in 0.002 seconds [static and dynamic dependencies]. Details - ImportResultOutputID=3d9b8957d7d29e15c5f258933078381c DependenciesID=1205ad80ed1bf0316e20f44a1c3d5209 StaticDependenciesID=5c561050cef3f6c1e11ce9ea03d64655 
Number of updated asset objects reloaded before import = 0
Number of asset objects unloaded after import = 0
========================================================================
Received Import Request.
  Time of request: 2026-09-09T21:20:16.6618561Z
  Time since last request: 0.0082469 seconds.
  importAddress: GUID: 7705a2b4fc7a4f6488119a1ca8ae873c - Path: Assets/Scripts/ScoreWindow.cs - Importer: PreviewImporter
Importing 'GUID: 7705a2b4fc7a4f6488119a1ca8ae873c - Path: Assets/Scripts/ScoreWindow.cs - Importer: PreviewImporter' with importer (PreviewImporter)
Imported 'GUID: 7705a2b4fc7a4f6488119a1ca8ae873c' -> (Import Result ID: '1a22615a5126d615da3a5f676becca68') in 0.002 seconds [static and dynamic dependencies]. Details - ImportResultOutputID=3d9b8957d7d29e15c5f258933078381c DependenciesID=1205ad80ed1bf0316e20f44a1c3d5209 StaticDependenciesID=5c561050cef3f6c1e11ce9ea03d64655 
Number of updated asset objects reloaded before import = 0
Number of asset objects unloaded after import = 0
========================================================================
Received Import Request.
  Time of request: 2026-09-09T21:20:16.730072Z
  Time since last request: 0.0062538 seconds.
  importAddress: GUID: 7705a2b4fc7a4f6488119a1ca8ae873c - Path: Assets/Scripts/ScoreWindow.cs - Importer: PreviewImporter
Importing 'GUID: 7705a2b4fc7a4f6488119a1ca8ae873c - Path: Assets/Scripts/ScoreWindow.cs - Importer: PreviewImporter' with importer (PreviewImporter)
Imported 'GUID: 7705a2b4fc7a4f6488119a1ca8ae873c' -> (Import Result ID: '1a22615a5126d615da3a5f676becca68') in 0.002 seconds [static and dynamic dependencies]. Details - ImportResultOutputID=3d9b8957d7d29e15c5f258933078381c DependenciesID=1205ad80ed1bf0316e20f44a1c3d5209 StaticDependenciesID=5c561050cef3f6c1e11ce9ea03d64655 
Number of updated asset objects reloaded before import = 0
Number of asset objects unloaded after import = 0
========================================================================
Received Import Request.
  Time of request: 2026-09-09T21:20:16.8500098Z
  Time since last request: 0.0507438 seconds.
  importAddress: GUID: 7705a2b4fc7a4f6488119a1ca8ae873c - Path: Assets/Scripts/ScoreWindow.cs - Importer: PreviewImporter
Importing 'GUID: 7705a2b4fc7a4f6488119a1ca8ae873c - Path: Assets/Scripts/ScoreWindow.cs - Importer: PreviewImporter' with importer (PreviewImporter)
Imported 'GUID: 7705a2b4fc7a4f6488119a1ca8ae873c' -> (Import Result ID: '1a22615a5126d615da3a5f676becca68') in 0.002 seconds [static and dynamic dependencies]. Details - ImportResultOutputID=3d9b8957d7d29e15c5f258933078381c DependenciesID=1205ad80ed1bf0316e20f44a1c3d5209 StaticDependenciesID=5c561050cef3f6c1e11ce9ea03d64655 
Number of updated asset objects reloaded before import = 0
Number of asset objects unloaded after import = 0
========================================================================
Received Import Request.
  Time of request: 2026-09-09T21:20:16.9230414Z
  Time since last request: 0.0110608 seconds.
  importAddress: GUID: 7705a2b4fc7a4f6488119a1ca8ae873c - Path: Assets/Scripts/ScoreWindow.cs - Importer: PreviewImporter
Importing 'GUID: 7705a2b4fc7a4f6488119a1ca8ae873c - Path: Assets/Scripts/ScoreWindow.cs - Importer: PreviewImporter' with importer (PreviewImporter)
Imported 'GUID: 7705a2b4fc7a4f6488119a1ca8ae873c' -> (Import Result ID: '1a22615a5126d615da3a5f676becca68') in 0.002 seconds [static and dynamic dependencies]. Details - ImportResultOutputID=3d9b8957d7d29e15c5f258933078381c DependenciesID=1205ad80ed1bf0316e20f44a1c3d5209 StaticDependenciesID=5c561050cef3f6c1e11ce9ea03d64655 
Number of updated asset objects reloaded before import = 0
Number of asset objects unloaded after import = 0
========================================================================
Received Import Request.
  Time of request: 2026-09-09T21:20:16.9891358Z
  Time since last request: 0.0013813 seconds.
  importAddress: GUID: 7705a2b4fc7a4f6488119a1ca8ae873c - Path: Assets/Scripts/ScoreWindow.cs - Importer: PreviewImporter
Importing 'GUID: 7705a2b4fc7a4f6488119a1ca8ae873c - Path: Assets/Scripts/ScoreWindow.cs - Importer: PreviewImporter' with importer (PreviewImporter)
Imported 'GUID: 7705a2b4fc7a4f6488119a1ca8ae873c' -> (Import Result ID: '1a22615a5126d615da3a5f676becca68') in 0.002 seconds [static and dynamic dependencies]. Details - ImportResultOutputID=3d9b8957d7d29e15c5f258933078381c DependenciesID=1205ad80ed1bf0316e20f44a1c3d5209 StaticDependenciesID=5c561050cef3f6c1e11ce9ea03d64655 
Number of updated asset objects reloaded before import = 0
Number of asset objects unloaded after import = 0
========================================================================
Received Import Request.
  Time of request: 2026-09-09T21:20:17.0575076Z
  Time since last request: 0.0094498 seconds.
  importAddress: GUID: 7705a2b4fc7a4f6488119a1ca8ae873c - Path: Assets/Scripts/ScoreWindow.cs - Importer: PreviewImporter
Importing 'GUID: 7705a2b4fc7a4f6488119a1ca8ae873c - Path: Assets/Scripts/ScoreWindow.cs - Importer: PreviewImporter' with importer (PreviewImporter)
Imported 'GUID: 7705a2b4fc7a4f6488119a1ca8ae873c' -> (Import Result ID: '1a22615a5126d615da3a5f676becca68') in 0.002 seconds [static and dynamic dependencies]. Details - ImportResultOutputID=3d9b8957d7d29e15c5f258933078381c DependenciesID=1205ad80ed1bf0316e20f44a1c3d5209 StaticDependenciesID=5c561050cef3f6c1e11ce9ea03d64655 
Number of updated asset objects reloaded before import = 0
Number of asset objects unloaded after import = 0
========================================================================
Received Import Request.
  Time of request: 2026-09-09T21:20:17.1249895Z
  Time since last request: 0.0093404 seconds.
  importAddress: GUID: 7705a2b4fc7a4f6488119a1ca8ae873c - Path: Assets/Scripts/ScoreWindow.cs - Importer: PreviewImporter
Importing 'GUID: 7705a2b4fc7a4f6488119a1ca8ae873c - Path: Assets/Scripts/ScoreWindow.cs - Importer: PreviewImporter' with importer (PreviewImporter)
Imported 'GUID: 7705a2b4fc7a4f6488119a1ca8ae873c' -> (Import Result ID: '1a22615a5126d615da3a5f676becca68') in 0.002 seconds [static and dynamic dependencies]. Details - ImportResultOutputID=3d9b8957d7d29e15c5f258933078381c DependenciesID=1205ad80ed1bf0316e20f44a1c3d5209 StaticDependenciesID=5c561050cef3f6c1e11ce9ea03d64655 
Number of updated asset objects reloaded before import = 0
Number of asset objects unloaded after import = 0
========================================================================
Received Import Request.
  Time of request: 2026-09-09T21:20:17.4811911Z
  Time since last request: 0.0083493 seconds.
  importAddress: GUID: 7705a2b4fc7a4f6488119a1ca8ae873c - Path: Assets/Scripts/ScoreWindow.cs - Importer: PreviewImporter
Importing 'GUID: 7705a2b4fc7a4f6488119a1ca8ae873c - Path: Assets/Scripts/ScoreWindow.cs - Importer: PreviewImporter' with importer (PreviewImporter)
Imported 'GUID: 7705a2b4fc7a4f6488119a1ca8ae873c' -> (Import Result ID: '1a22615a5126d615da3a5f676becca68') in 0.002 seconds [static and dynamic dependencies]. Details - ImportResultOutputID=3d9b8957d7d29e15c5f258933078381c DependenciesID=1205ad80ed1bf0316e20f44a1c3d5209 StaticDependenciesID=5c561050cef3f6c1e11ce9ea03d64655 
Number of updated asset objects reloaded before import = 0
Number of asset objects unloaded after import = 0
========================================================================
Received Import Request.
  Time of request: 2026-09-09T21:20:17.6141043Z
  Time since last request: 0.0143348 seconds.
  importAddress: GUID: 7705a2b4fc7a4f6488119a1ca8ae873c - Path: Assets/Scripts/ScoreWindow.cs - Importer: PreviewImporter
Importing 'GUID: 7705a2b4fc7a4f6488119a1ca8ae873c - Path: Assets/Scripts/ScoreWindow.cs - Importer: PreviewImporter' with importer (PreviewImporter)
Imported 'GUID: 7705a2b4fc7a4f6488119a1ca8ae873c' -> (Import Result ID: '1a22615a5126d615da3a5f676becca68') in 0.002 seconds [static and dynamic dependencies]. Details - ImportResultOutputID=3d9b8957d7d29e15c5f258933078381c DependenciesID=1205ad80ed1bf0316e20f44a1c3d5209 StaticDependenciesID=5c561050cef3f6c1e11ce9ea03d64655 
Number of updated asset objects reloaded before import = 0
Number of asset objects unloaded after import = 0
========================================================================
Received Import Request.
  Time of request: 2026-09-09T21:20:17.6830277Z
  Time since last request: 0.0032414 seconds.
  importAddress: GUID: 7705a2b4fc7a4f6488119a1ca8ae873c - Path: Assets/Scripts/ScoreWindow.cs - Importer: PreviewImporter
Importing 'GUID: 7705a2b4fc7a4f6488119a1ca8ae873c - Path: Assets/Scripts/ScoreWindow.cs - Importer: PreviewImporter' with importer (PreviewImporter)
Imported 'GUID: 7705a2b4fc7a4f6488119a1ca8ae873c' -> (Import Result ID: '1a22615a5126d615da3a5f676becca68') in 0.002 seconds [static and dynamic dependencies]. Details - ImportResultOutputID=3d9b8957d7d29e15c5f258933078381c DependenciesID=1205ad80ed1bf0316e20f44a1c3d5209 StaticDependenciesID=5c561050cef3f6c1e11ce9ea03d64655 
Number of updated asset objects reloaded before import = 0
Number of asset objects unloaded after import = 0
========================================================================
Received Import Request.
  Time of request: 2026-09-09T21:20:17.7528899Z
  Time since last request: 0.0012847 seconds.
  importAddress: GUID: 7705a2b4fc7a4f6488119a1ca8ae873c - Path: Assets/Scripts/ScoreWindow.cs - Importer: PreviewImporter
Importing 'GUID: 7705a2b4fc7a4f6488119a1ca8ae873c - Path: Assets/Scripts/ScoreWindow.cs - Importer: PreviewImporter' with importer (PreviewImporter)
Imported 'GUID: 7705a2b4fc7a4f6488119a1ca8ae873c' -> (Import Result ID: '1a22615a5126d615da3a5f676becca68') in 0.002 seconds [static and dynamic dependencies]. Details - ImportResultOutputID=3d9b8957d7d29e15c5f258933078381c DependenciesID=1205ad80ed1bf0316e20f44a1c3d5209 StaticDependenciesID=5c561050cef3f6c1e11ce9ea03d64655 
Number of updated asset objects reloaded before import = 0
Number of asset objects unloaded after import = 0
========================================================================
Received Import Request.
  Time of request: 2026-09-09T21:20:17.824139Z
  Time since last request: 0.0083388 seconds.
  importAddress: GUID: 7705a2b4fc7a4f6488119a1ca8ae873c - Path: Assets/Scripts/ScoreWindow.cs - Importer: PreviewImporter
Importing 'GUID: 7705a2b4fc7a4f6488119a1ca8ae873c - Path: Assets/Scripts/ScoreWindow.cs - Importer: PreviewImporter' with importer (PreviewImporter)
Imported 'GUID: 7705a2b4fc7a4f6488119a1ca8ae873c' -> (Import Result ID: '1a22615a5126d615da3a5f676becca68') in 0.002 seconds [static and dynamic dependencies]. Details - ImportResultOutputID=3d9b8957d7d29e15c5f258933078381c DependenciesID=1205ad80ed1bf0316e20f44a1c3d5209 StaticDependenciesID=5c561050cef3f6c1e11ce9ea03d64655 
Number of updated asset objects reloaded before import = 0
Number of asset objects unloaded after import = 0
========================================================================
Received Import Request.
  Time of request: 2026-09-09T21:20:17.986051Z
  Time since last request: 0.0141935 seconds.
  importAddress: GUID: 7705a2b4fc7a4f6488119a1ca8ae873c - Path: Assets/Scripts/ScoreWindow.cs - Importer: PreviewImporter
Importing 'GUID: 7705a2b4fc7a4f6488119a1ca8ae873c - Path: Assets/Scripts/ScoreWindow.cs - Importer: PreviewImporter' with importer (PreviewImporter)
Imported 'GUID: 7705a2b4fc7a4f6488119a1ca8ae873c' -> (Import Result ID: '1a22615a5126d615da3a5f676becca68') in 0.002 seconds [static and dynamic dependencies]. Details - ImportResultOutputID=3d9b8957d7d29e15c5f258933078381c DependenciesID=1205ad80ed1bf0316e20f44a1c3d5209 StaticDependenciesID=5c561050cef3f6c1e11ce9ea03d64655 
Number of updated asset objects reloaded before import = 0
Number of asset objects unloaded after import = 0
========================================================================
Received Import Request.
  Time of request: 2026-09-09T21:20:18.0684073Z
  Time since last request: 0.0036761 seconds.
  importAddress: GUID: 7705a2b4fc7a4f6488119a1ca8ae873c - Path: Assets/Scripts/ScoreWindow.cs - Importer: PreviewImporter
Importing 'GUID: 7705a2b4fc7a4f6488119a1ca8ae873c - Path: Assets/Scripts/ScoreWindow.cs - Importer: PreviewImporter' with importer (PreviewImporter)
Imported 'GUID: 7705a2b4fc7a4f6488119a1ca8ae873c' -> (Import Result ID: '1a22615a5126d615da3a5f676becca68') in 0.002 seconds [static and dynamic dependencies]. Details - ImportResultOutputID=3d9b8957d7d29e15c5f258933078381c DependenciesID=1205ad80ed1bf0316e20f44a1c3d5209 StaticDependenciesID=5c561050cef3f6c1e11ce9ea03d64655 
Number of updated asset objects reloaded before import = 0
Number of asset objects unloaded after import = 0
========================================================================
Received Import Request.
  Time of request: 2026-09-09T21:20:18.1494095Z
  Time since last request: 0.005718 seconds.
  importAddress: GUID: 7705a2b4fc7a4f6488119a1ca8ae873c - Path: Assets/Scripts/ScoreWindow.cs - Importer: PreviewImporter
Importing 'GUID: 7705a2b4fc7a4f6488119a1ca8ae873c - Path: Assets/Scripts/ScoreWindow.cs - Importer: PreviewImporter' with importer (PreviewImporter)
Imported 'GUID: 7705a2b4fc7a4f6488119a1ca8ae873c' -> (Import Result ID: '1a22615a5126d615da3a5f676becca68') in 0.002 seconds [static and dynamic dependencies]. Details - ImportResultOutputID=3d9b8957d7d29e15c5f258933078381c DependenciesID=1205ad80ed1bf0316e20f44a1c3d5209 StaticDependenciesID=5c561050cef3f6c1e11ce9ea03d64655 
Number of updated asset objects reloaded before import = 0
Number of asset objects unloaded after import = 0
========================================================================
Received Import Request.
  Time of request: 2026-09-09T21:20:18.224401Z
  Time since last request: 0.0044538 seconds.
  importAddress: GUID: 7705a2b4fc7a4f6488119a1ca8ae873c - Path: Assets/Scripts/ScoreWindow.cs - Importer: PreviewImporter
Importing 'GUID: 7705a2b4fc7a4f6488119a1ca8ae873c - Path: Assets/Scripts/ScoreWindow.cs - Importer: PreviewImporter' with importer (PreviewImporter)
Imported 'GUID: 7705a2b4fc7a4f6488119a1ca8ae873c' -> (Import Result ID: '1a22615a5126d615da3a5f676becca68') in 0.002 seconds [static and dynamic dependencies]. Details - ImportResultOutputID=3d9b8957d7d29e15c5f258933078381c DependenciesID=1205ad80ed1bf0316e20f44a1c3d5209 StaticDependenciesID=5c561050cef3f6c1e11ce9ea03d64655 
Number of updated asset objects reloaded before import = 0
Number of asset objects unloaded after import = 0
========================================================================
Received Import Request.
  Time of request: 2026-09-09T21:20:18.312322Z
  Time since last request: 0.0108917 seconds.
  importAddress: GUID: 7705a2b4fc7a4f6488119a1ca8ae873c - Path: Assets/Scripts/ScoreWindow.cs - Importer: PreviewImporter
Importing 'GUID: 7705a2b4fc7a4f6488119a1ca8ae873c - Path: Assets/Scripts/ScoreWindow.cs - Importer: PreviewImporter' with importer (PreviewImporter)
Imported 'GUID: 7705a2b4fc7a4f6488119a1ca8ae873c' -> (Import Result ID: '1a22615a5126d615da3a5f676becca68') in 0.002 seconds [static and dynamic dependencies]. Details - ImportResultOutputID=3d9b8957d7d29e15c5f258933078381c DependenciesID=1205ad80ed1bf0316e20f44a1c3d5209 StaticDependenciesID=5c561050cef3f6c1e11ce9ea03d64655 
Number of updated asset objects reloaded before import = 0
Number of asset objects unloaded after import = 0
========================================================================
Received Import Request.
  Time of request: 2026-09-09T21:20:18.370695Z
  Time since last request: 0.0012659 seconds.
  importAddress: GUID: 7705a2b4fc7a4f6488119a1ca8ae873c - Path: Assets/Scripts/ScoreWindow.cs - Importer: PreviewImporter
Importing 'GUID: 7705a2b4fc7a4f6488119a1ca8ae873c - Path: Assets/Scripts/ScoreWindow.cs - Importer: PreviewImporter' with importer (PreviewImporter)
Imported 'GUID: 7705a2b4fc7a4f6488119a1ca8ae873c' -> (Import Result ID: '1a22615a5126d615da3a5f676becca68') in 0.002 seconds [static and dynamic dependencies]. Details - ImportResultOutputID=3d9b8957d7d29e15c5f258933078381c DependenciesID=1205ad80ed1bf0316e20f44a1c3d5209 StaticDependenciesID=5c561050cef3f6c1e11ce9ea03d64655 
Number of updated asset objects reloaded before import = 0
Number of asset objects unloaded after import = 0
========================================================================
Received Import Request.
  Time of request: 2026-09-09T21:20:18.42914Z
  Time since last request: 0.002035 seconds.
  importAddress: GUID: 7705a2b4fc7a4f6488119a1ca8ae873c - Path: Assets/Scripts/ScoreWindow.cs - Importer: PreviewImporter
Importing 'GUID: 7705a2b4fc7a4f6488119a1ca8ae873c - Path: Assets/Scripts/ScoreWindow.cs - Importer: PreviewImporter' with importer (PreviewImporter)
Imported 'GUID: 7705a2b4fc7a4f6488119a1ca8ae873c' -> (Import Result ID: '1a22615a5126d615da3a5f676becca68') in 0.002 seconds [static and dynamic dependencies]. Details - ImportResultOutputID=3d9b8957d7d29e15c5f258933078381c DependenciesID=1205ad80ed1bf0316e20f44a1c3d5209 StaticDependenciesID=5c561050cef3f6c1e11ce9ea03d64655 
Number of updated asset objects reloaded before import = 0
Number of asset objects unloaded after import = 0
========================================================================
Received Import Request.
  Time of request: 2026-09-09T21:20:18.4914379Z
  Time since last request: 0.0012703 seconds.
  importAddress: GUID: 7705a2b4fc7a4f6488119a1ca8ae873c - Path: Assets/Scripts/ScoreWindow.cs - Importer: PreviewImporter
Importing 'GUID: 7705a2b4fc7a4f6488119a1ca8ae873c - Path: Assets/Scripts/ScoreWindow.cs - Importer: PreviewImporter' with importer (PreviewImporter)
Imported 'GUID: 7705a2b4fc7a4f6488119a1ca8ae873c' -> (Import Result ID: '1a22615a5126d615da3a5f676becca68') in 0.003 seconds [static and dynamic dependencies]. Details - ImportResultOutputID=3d9b8957d7d29e15c5f258933078381c DependenciesID=1205ad80ed1bf0316e20f44a1c3d5209 StaticDependenciesID=5c561050cef3f6c1e11ce9ea03d64655 
Number of updated asset objects reloaded before import = 0
Number of asset objects unloaded after import = 0
========================================================================
Received Import Request.
  Time of request: 2026-09-09T21:20:18.5548615Z
  Time since last request: 0.0044117 seconds.
  importAddress: GUID: 7705a2b4fc7a4f6488119a1ca8ae873c - Path: Assets/Scripts/ScoreWindow.cs - Importer: PreviewImporter
Importing 'GUID: 7705a2b4fc7a4f6488119a1ca8ae873c - Path: Assets/Scripts/ScoreWindow.cs - Importer: PreviewImporter' with importer (PreviewImporter)
Imported 'GUID: 7705a2b4fc7a4f6488119a1ca8ae873c' -> (Import Result ID: '1a22615a5126d615da3a5f676becca68') in 0.001 seconds [static and dynamic dependencies]. Details - ImportResultOutputID=3d9b8957d7d29e15c5f258933078381c DependenciesID=1205ad80ed1bf0316e20f44a1c3d5209 StaticDependenciesID=5c561050cef3f6c1e11ce9ea03d64655 
Number of updated asset objects reloaded before import = 0
Number of asset objects unloaded after import = 0
========================================================================
Received Import Request.
  Time of request: 2026-09-09T21:20:18.6225322Z
  Time since last request: 0.0070965 seconds.
  importAddress: GUID: 7705a2b4fc7a4f6488119a1ca8ae873c - Path: Assets/Scripts/ScoreWindow.cs - Importer: PreviewImporter
Importing 'GUID: 7705a2b4fc7a4f6488119a1ca8ae873c - Path: Assets/Scripts/ScoreWindow.cs - Importer: PreviewImporter' with importer (PreviewImporter)
Imported 'GUID: 7705a2b4fc7a4f6488119a1ca8ae873c' -> (Import Result ID: '1a22615a5126d615da3a5f676becca68') in 0.002 seconds [static and dynamic dependencies]. Details - ImportResultOutputID=3d9b8957d7d29e15c5f258933078381c DependenciesID=1205ad80ed1bf0316e20f44a1c3d5209 StaticDependenciesID=5c561050cef3f6c1e11ce9ea03d64655 
Number of updated asset objects reloaded before import = 0
Number of asset objects unloaded after import = 0
========================================================================
Received Import Request.
  Time of request: 2026-09-09T21:20:18.6796042Z
  Time since last request: 0.0013455 seconds.
  importAddress: GUID: 7705a2b4fc7a4f6488119a1ca8ae873c - Path: Assets/Scripts/ScoreWindow.cs - Importer: PreviewImporter
Importing 'GUID: 7705a2b4fc7a4f6488119a1ca8ae873c - Path: Assets/Scripts/ScoreWindow.cs - Importer: PreviewImporter' with importer (PreviewImporter)
Imported 'GUID: 7705a2b4fc7a4f6488119a1ca8ae873c' -> (Import Result ID: '1a22615a5126d615da3a5f676becca68') in 0.002 seconds [static and dynamic dependencies]. Details - ImportResultOutputID=3d9b8957d7d29e15c5f258933078381c DependenciesID=1205ad80ed1bf0316e20f44a1c3d5209 StaticDependenciesID=5c561050cef3f6c1e11ce9ea03d64655 
Number of updated asset objects reloaded before import = 0
Number of asset objects unloaded after import = 0
========================================================================
Received Import Request.
  Time of request: 2026-09-09T21:20:18.7412078Z
  Time since last request: 0.003476 seconds.
  importAddress: GUID: 7705a2b4fc7a4f6488119a1ca8ae873c - Path: Assets/Scripts/ScoreWindow.cs - Importer: PreviewImporter
Importing 'GUID: 7705a2b4fc7a4f6488119a1ca8ae873c - Path: Assets/Scripts/ScoreWindow.cs - Importer: PreviewImporter' with importer (PreviewImporter)
Imported 'GUID: 7705a2b4fc7a4f6488119a1ca8ae873c' -> (Import Result ID: '1a22615a5126d615da3a5f676becca68') in 0.001 seconds [static and dynamic dependencies]. Details - ImportResultOutputID=3d9b8957d7d29e15c5f258933078381c DependenciesID=1205ad80ed1bf0316e20f44a1c3d5209 StaticDependenciesID=5c561050cef3f6c1e11ce9ea03d64655 
Number of updated asset objects reloaded before import = 0
Number of asset objects unloaded after import = 0
========================================================================
Received Import Request.
  Time of request: 2026-09-09T21:20:18.7953289Z
  Time since last request: 0.0038356 seconds.
  importAddress: GUID: 7705a2b4fc7a4f6488119a1ca8ae873c - Path: Assets/Scripts/ScoreWindow.cs - Importer: PreviewImporter
Importing 'GUID: 7705a2b4fc7a4f6488119a1ca8ae873c - Path: Assets/Scripts/ScoreWindow.cs - Importer: PreviewImporter' with importer (PreviewImporter)
Imported 'GUID: 7705a2b4fc7a4f6488119a1ca8ae873c' -> (Import Result ID: '1a22615a5126d615da3a5f676becca68') in 0.001 seconds [static and dynamic dependencies]. Details - ImportResultOutputID=3d9b8957d7d29e15c5f258933078381c DependenciesID=1205ad80ed1bf0316e20f44a1c3d5209 StaticDependenciesID=5c561050cef3f6c1e11ce9ea03d64655 
Number of updated asset objects reloaded before import = 0
Number of asset objects unloaded after import = 0
========================================================================
Received Import Request.
  Time of request: 2026-09-09T21:20:18.8429937Z
  Time since last request: 0.0016167 seconds.
  importAddress: GUID: 7705a2b4fc7a4f6488119a1ca8ae873c - Path: Assets/Scripts/ScoreWindow.cs - Importer: PreviewImporter
Importing 'GUID: 7705a2b4fc7a4f6488119a1ca8ae873c - Path: Assets/Scripts/ScoreWindow.cs - Importer: PreviewImporter' with importer (PreviewImporter)
Imported 'GUID: 7705a2b4fc7a4f6488119a1ca8ae873c' -> (Import Result ID: '1a22615a5126d615da3a5f676becca68') in 0.001 seconds [static and dynamic dependencies]. Details - ImportResultOutputID=3d9b8957d7d29e15c5f258933078381c DependenciesID=1205ad80ed1bf0316e20f44a1c3d5209 StaticDependenciesID=5c561050cef3f6c1e11ce9ea03d64655 
Number of updated asset objects reloaded before import = 0
Number of asset objects unloaded after import = 0
========================================================================
Received Import Request.
  Time of request: 2026-09-09T21:20:18.9091734Z
  Time since last request: 0.0198352 seconds.
  importAddress: GUID: 7705a2b4fc7a4f6488119a1ca8ae873c - Path: Assets/Scripts/ScoreWindow.cs - Importer: PreviewImporter
Importing 'GUID: 7705a2b4fc7a4f6488119a1ca8ae873c - Path: Assets/Scripts/ScoreWindow.cs - Importer: PreviewImporter' with importer (PreviewImporter)
Imported 'GUID: 7705a2b4fc7a4f6488119a1ca8ae873c' -> (Import Result ID: '1a22615a5126d615da3a5f676becca68') in 0.002 seconds [static and dynamic dependencies]. Details - ImportResultOutputID=3d9b8957d7d29e15c5f258933078381c DependenciesID=1205ad80ed1bf0316e20f44a1c3d5209 StaticDependenciesID=5c561050cef3f6c1e11ce9ea03d64655 
Number of updated asset objects reloaded before import = 0
Number of asset objects unloaded after import = 0
========================================================================
Received Import Request.
  Time of request: 2026-09-09T21:20:18.9624813Z
  Time since last request: 0.0036563 seconds.
  importAddress: GUID: 7705a2b4fc7a4f6488119a1ca8ae873c - Path: Assets/Scripts/ScoreWindow.cs - Importer: PreviewImporter
Importing 'GUID: 7705a2b4fc7a4f6488119a1ca8ae873c - Path: Assets/Scripts/ScoreWindow.cs - Importer: PreviewImporter' with importer (PreviewImporter)
Imported 'GUID: 7705a2b4fc7a4f6488119a1ca8ae873c' -> (Import Result ID: '1a22615a5126d615da3a5f676becca68') in 0.002 seconds [static and dynamic dependencies]. Details - ImportResultOutputID=3d9b8957d7d29e15c5f258933078381c DependenciesID=1205ad80ed1bf0316e20f44a1c3d5209 StaticDependenciesID=5c561050cef3f6c1e11ce9ea03d64655 
Number of updated asset objects reloaded before import = 0
Number of asset objects unloaded after import = 0
========================================================================
Received Import Request.
  Time of request: 2026-09-09T21:20:19.0304774Z
  Time since last request: 0.00347 seconds.
  importAddress: GUID: 7705a2b4fc7a4f6488119a1ca8ae873c - Path: Assets/Scripts/ScoreWindow.cs - Importer: PreviewImporter
Importing 'GUID: 7705a2b4fc7a4f6488119a1ca8ae873c - Path: Assets/Scripts/ScoreWindow.cs - Importer: PreviewImporter' with importer (PreviewImporter)
Imported 'GUID: 7705a2b4fc7a4f6488119a1ca8ae873c' -> (Import Result ID: '1a22615a5126d615da3a5f676becca68') in 0.002 seconds [static and dynamic dependencies]. Details - ImportResultOutputID=3d9b8957d7d29e15c5f258933078381c DependenciesID=1205ad80ed1bf0316e20f44a1c3d5209 StaticDependenciesID=5c561050cef3f6c1e11ce9ea03d64655 
Number of updated asset objects reloaded before import = 0
Number of asset objects unloaded after import = 0
========================================================================
Received Import Request.
  Time of request: 2026-09-09T21:20:19.1006677Z
  Time since last request: 0.0079537 seconds.
  importAddress: GUID: 7705a2b4fc7a4f6488119a1ca8ae873c - Path: Assets/Scripts/ScoreWindow.cs - Importer: PreviewImporter
Importing 'GUID: 7705a2b4fc7a4f6488119a1ca8ae873c - Path: Assets/Scripts/ScoreWindow.cs - Importer: PreviewImporter' with importer (PreviewImporter)
Imported 'GUID: 7705a2b4fc7a4f6488119a1ca8ae873c' -> (Import Result ID: '1a22615a5126d615da3a5f676becca68') in 0.002 seconds [static and dynamic dependencies]. Details - ImportResultOutputID=3d9b8957d7d29e15c5f258933078381c DependenciesID=1205ad80ed1bf0316e20f44a1c3d5209 StaticDependenciesID=5c561050cef3f6c1e11ce9ea03d64655 
Number of updated asset objects reloaded before import = 0
Number of asset objects unloaded after import = 0
========================================================================
Received Import Request.
  Time of request: 2026-09-09T21:20:19.1698723Z
  Time since last request: 0.0095908 seconds.
  importAddress: GUID: 7705a2b4fc7a4f6488119a1ca8ae873c - Path: Assets/Scripts/ScoreWindow.cs - Importer: PreviewImporter
Importing 'GUID: 7705a2b4fc7a4f6488119a1ca8ae873c - Path: Assets/Scripts/ScoreWindow.cs - Importer: PreviewImporter' with importer (PreviewImporter)
Imported 'GUID: 7705a2b4fc7a4f6488119a1ca8ae873c' -> (Import Result ID: '1a22615a5126d615da3a5f676becca68') in 0.002 seconds [static and dynamic dependencies]. Details - ImportResultOutputID=3d9b8957d7d29e15c5f258933078381c DependenciesID=1205ad80ed1bf0316e20f44a1c3d5209 StaticDependenciesID=5c561050cef3f6c1e11ce9ea03d64655 
Number of updated asset objects reloaded before import = 0
Number of asset objects unloaded after import = 0
========================================================================
Received Import Request.
  Time of request: 2026-09-09T21:20:19.2248079Z
  Time since last request: 0.0015049 seconds.
  importAddress: GUID: 7705a2b4fc7a4f6488119a1ca8ae873c - Path: Assets/Scripts/ScoreWindow.cs - Importer: PreviewImporter
Importing 'GUID: 7705a2b4fc7a4f6488119a1ca8ae873c - Path: Assets/Scripts/ScoreWindow.cs - Importer: PreviewImporter' with importer (PreviewImporter)
Imported 'GUID: 7705a2b4fc7a4f6488119a1ca8ae873c' -> (Import Result ID: '1a22615a5126d615da3a5f676becca68') in 0.002 seconds [static and dynamic dependencies]. Details - ImportResultOutputID=3d9b8957d7d29e15c5f258933078381c DependenciesID=1205ad80ed1bf0316e20f44a1c3d5209 StaticDependenciesID=5c561050cef3f6c1e11ce9ea03d64655 
Number of updated asset objects reloaded before import = 0
Number of asset objects unloaded after import = 0
========================================================================
Received Import Request.
  Time of request: 2026-09-09T21:20:19.2946604Z
  Time since last request: 0.0090457 seconds.
  importAddress: GUID: 7705a2b4fc7a4f6488119a1ca8ae873c - Path: Assets/Scripts/ScoreWindow.cs - Importer: PreviewImporter
Importing 'GUID: 7705a2b4fc7a4f6488119a1ca8ae873c - Path: Assets/Scripts/ScoreWindow.cs - Importer: PreviewImporter' with importer (PreviewImporter)
Imported 'GUID: 7705a2b4fc7a4f6488119a1ca8ae873c' -> (Import Result ID: '1a22615a5126d615da3a5f676becca68') in 0.002 seconds [static and dynamic dependencies]. Details - ImportResultOutputID=3d9b8957d7d29e15c5f258933078381c DependenciesID=1205ad80ed1bf0316e20f44a1c3d5209 StaticDependenciesID=5c561050cef3f6c1e11ce9ea03d64655 
Number of updated asset objects reloaded before import = 0
Number of asset objects unloaded after import = 0
========================================================================
Received Import Request.
  Time of request: 2026-09-09T21:20:19.3774612Z
  Time since last request: 0.0116224 seconds.
  importAddress: GUID: 7705a2b4fc7a4f6488119a1ca8ae873c - Path: Assets/Scripts/ScoreWindow.cs - Importer: PreviewImporter
Importing 'GUID: 7705a2b4fc7a4f6488119a1ca8ae873c - Path: Assets/Scripts/ScoreWindow.cs - Importer: PreviewImporter' with importer (PreviewImporter)
Imported 'GUID: 7705a2b4fc7a4f6488119a1ca8ae873c' -> (Import Result ID: '1a22615a5126d615da3a5f676becca68') in 0.003 seconds [static and dynamic dependencies]. Details - ImportResultOutputID=3d9b8957d7d29e15c5f258933078381c DependenciesID=1205ad80ed1bf0316e20f44a1c3d5209 StaticDependenciesID=5c561050cef3f6c1e11ce9ea03d64655 
Number of updated asset objects reloaded before import = 0
Number of asset objects unloaded after import = 0
========================================================================
Received Prepare
AcceleratorClientConnectionCallback - disconnected - :0
Begin MonoManager ReloadAssembly
'Packages/com.unity.render-pipelines.core/Editor/Deprecated.cs' contains partial class of Unity.Object, exactly 1 of the partial classes needs to be in a file with the same filename. This is to know the one that can be referenced from ie. GameObjects
'Packages/com.unity.render-pipelines.core/Editor/Deprecated.cs' contains partial class of Unity.Object, exactly 1 of the partial classes needs to be in a file with the same filename. This is to know the one that can be referenced from ie. GameObjects
Refreshing native plugins compatible for Editor in 11.22 ms, found 5 plugins.
Native extension for WindowsStandalone target not found
Native extension for WebGL target not found
[Package Manager] Failed to launch server process. Reason: Unity was launched with the -noUpm command-line argument
[Package Manager] Unable to send message (not connected to server process).
[Package Manager] Cannot connect to Unity Package Manager local server
[Package Manager] Failed to launch server process. Reason: Unity was launched with the -noUpm command-line argument
[Package Manager] Unable to send message (not connected to server process).
[Package Manager] Cannot connect to Unity Package Manager local server
ScheduleIndexationOnStartup MainProcess:False IndexOnStartup:True
Scripting: successfully reloaded assembly
- Finished resetting the current domain, in  3.299 seconds
Domain Reload Profiling: 8692ms
	BeginReloadAssembly (1290ms)
		DisableScriptedObjects (77ms)
		CreateAndSetChildDomain (206ms)
	RebuildCommonClasses (45ms)
	RebuildNativeTypeToScriptingClass (96ms)
	initialDomainReloadingComplete (426ms)
	LoadAllAssembliesAndSetupDomain (3532ms)
		LoadAssemblies (2254ms)
		TypeCache.Refresh (45ms)
		AnalyzeDomain (953ms)
			BuildScriptInfoCaches (926ms)
			ResolveRequiredComponents (21ms)
	FinalizeReload (3302ms)
		SetupLoadedEditorAssemblies (0ms)
			LogAssemblyErrors (7ms)
			InitializePlatformSupportModulesInManaged (10ms)
			BeforeProcessingInitializeOnLoad (533ms)
			ProcessInitializeOnLoadAttributes (1151ms)
			ProcessInitializeOnLoadMethodAttributes (465ms)
			AfterProcessingInitializeOnLoad (78ms)
			EditorAssembliesLoaded (8ms)
		AwakeInstancesAfterBackupRestoration (101ms)
Refreshing native plugins compatible for Editor in 12.53 ms, found 5 plugins.
Unloading 24 Unused Serialized files (Serialized files now loaded: 0)
Unloading 7513 unused Assets / (6.4 MB). Loaded Objects now: 8521.
Memory consumption went from 402.4 MB to 396.0 MB.
Total: 28.885100 ms (FindLiveObjects: 3.065100 ms CreateObjectMapping: 1.858000 ms MarkObjects: 18.003800 ms  DeleteObjects: 5.045200 ms)

Prepare: number of updated asset objects reloaded= 0
========================================================================
Received Import Request.
  Time of request: 2026-09-09T21:20:43.218964Z
  Time since last request: 23.7671548 seconds.
  importAddress: GUID: 7705a2b4fc7a4f6488119a1ca8ae873c - Path: Assets/Scripts/ScoreWindow.cs - Importer: PreviewImporter
Importing 'GUID: 7705a2b4fc7a4f6488119a1ca8ae873c - Path: Assets/Scripts/ScoreWindow.cs - Importer: PreviewImporter' with importer (PreviewImporter)
Imported 'GUID: 7705a2b4fc7a4f6488119a1ca8ae873c' -> (Import Result ID: '7d5caa626bf4f22846b22c8e5d5418aa') in 0.003 seconds [static and dynamic dependencies]. Details - ImportResultOutputID=3d9b8957d7d29e15c5f258933078381c DependenciesID=3a0944b8de0d43040576cbc2ecfb1381 StaticDependenciesID=5c561050cef3f6c1e11ce9ea03d64655 
Number of updated asset objects reloaded before import = 0
Number of asset objects unloaded after import = 0
========================================================================
Received Prepare
AcceleratorClientConnectionCallback - disconnected - :0
'Packages/com.unity.render-pipelines.core/Editor/Deprecated.cs' contains partial class of Unity.Object, exactly 1 of the partial classes needs to be in a file with the same filename. This is to know the one that can be referenced from ie. GameObjects
'Packages/com.unity.render-pipelines.core/Editor/Deprecated.cs' contains partial class of Unity.Object, exactly 1 of the partial classes needs to be in a file with the same filename. This is to know the one that can be referenced from ie. GameObjects
Refreshing native plugins compatible for Editor in 15.04 ms, found 5 plugins.
Unloading 24 Unused Serialized files (Serialized files now loaded: 0)
Unloading 7498 unused Assets / (7.3 MB). Loaded Objects now: 8521.
Memory consumption went from 404.5 MB to 397.2 MB.
Total: 38.656900 ms (FindLiveObjects: 2.708500 ms CreateObjectMapping: 1.979900 ms MarkObjects: 25.314500 ms  DeleteObjects: 7.565500 ms)

Prepare: number of updated asset objects reloaded= 0
========================================================================
Received Prepare
AcceleratorClientConnectionCallback - disconnected - :0
[Licensing::Client] Successfully resolved entitlement details
Begin MonoManager ReloadAssembly
'Packages/com.unity.render-pipelines.core/Editor/Deprecated.cs' contains partial class of Unity.Object, exactly 1 of the partial classes needs to be in a file with the same filename. This is to know the one that can be referenced from ie. GameObjects
'Packages/com.unity.render-pipelines.core/Editor/Deprecated.cs' contains partial class of Unity.Object, exactly 1 of the partial classes needs to be in a file with the same filename. This is to know the one that can be referenced from ie. GameObjects
Refreshing native plugins compatible for Editor in 11.36 ms, found 5 plugins.
Native extension for WindowsStandalone target not found
Native extension for WebGL target not found
[Package Manager] Failed to launch server process. Reason: Unity was launched with the -noUpm command-line argument
[Package Manager] Unable to send message (not connected to server process).
[Package Manager] Cannot connect to Unity Package Manager local server
[Package Manager] Failed to launch server process. Reason: Unity was launched with the -noUpm command-line argument
[Package Manager] Unable to send message (not connected to server process).
[Package Manager] Cannot connect to Unity Package Manager local server
ScheduleIndexationOnStartup MainProcess:False IndexOnStartup:True
Scripting: successfully reloaded assembly
- Finished resetting the current domain, in  2.961 seconds
Domain Reload Profiling: 8042ms
	BeginReloadAssembly (1276ms)
		DisableScriptedObjects (87ms)
		CreateAndSetChildDomain (212ms)
	RebuildCommonClasses (40ms)
	RebuildNativeTypeToScriptingClass (98ms)
	initialDomainReloadingComplete (426ms)
	LoadAllAssembliesAndSetupDomain (3237ms)
		LoadAssemblies (2115ms)
		TypeCache.Refresh (38ms)
		AnalyzeDomain (888ms)
			BuildScriptInfoCaches (862ms)
			ResolveRequiredComponents (21ms)
	FinalizeReload (2964ms)
		SetupLoadedEditorAssemblies (0ms)
			LogAssemblyErrors (5ms)
			InitializePlatformSupportModulesInManaged (9ms)
			BeforeProcessingInitializeOnLoad (482ms)
			ProcessInitializeOnLoadAttributes (1039ms)
			ProcessInitializeOnLoadMethodAttributes (399ms)
			AfterProcessingInitializeOnLoad (65ms)
			EditorAssembliesLoaded (7ms)
		AwakeInstancesAfterBackupRestoration (87ms)
Refreshing native plugins compatible for Editor in 10.69 ms, found 5 plugins.
Unloading 24 Unused Serialized files (Serialized files now loaded: 0)
Unloading 7513 unused Assets / (6.2 MB). Loaded Objects now: 8524.
Memory consumption went from 409.9 MB to 403.7 MB.
Total: 25.618300 ms (FindLiveObjects: 2.187300 ms CreateObjectMapping: 1.604000 ms MarkObjects: 15.748000 ms  DeleteObjects: 5.211700 ms)

Prepare: number of updated asset objects reloaded= 0
========================================================================
Received Prepare
AcceleratorClientConnectionCallback - disconnected - :0
'Packages/com.unity.render-pipelines.core/Editor/Deprecated.cs' contains partial class of Unity.Object, exactly 1 of the partial classes needs to be in a file with the same filename. This is to know the one that can be referenced from ie. GameObjects
'Packages/com.unity.render-pipelines.core/Editor/Deprecated.cs' contains partial class of Unity.Object, exactly 1 of the partial classes needs to be in a file with the same filename. This is to know the one that can be referenced from ie. GameObjects
Refreshing native plugins compatible for Editor in 10.37 ms, found 5 plugins.
Unloading 24 Unused Serialized files (Serialized files now loaded: 0)
Unloading 7498 unused Assets / (6.4 MB). Loaded Objects now: 8524.
Memory consumption went from 411.8 MB to 405.4 MB.
Total: 26.878700 ms (FindLiveObjects: 2.179600 ms CreateObjectMapping: 1.372500 ms MarkObjects: 18.214400 ms  DeleteObjects: 4.332000 ms)

Prepare: number of updated asset objects reloaded= 0
========================================================================
Received Prepare
AcceleratorClientConnectionCallback - disconnected - :0
[Licensing::Client] Successfully resolved entitlement details
Begin MonoManager ReloadAssembly
'Packages/com.unity.render-pipelines.core/Editor/Deprecated.cs' contains partial class of Unity.Object, exactly 1 of the partial classes needs to be in a file with the same filename. This is to know the one that can be referenced from ie. GameObjects
'Packages/com.unity.render-pipelines.core/Editor/Deprecated.cs' contains partial class of Unity.Object, exactly 1 of the partial classes needs to be in a file with the same filename. This is to know the one that can be referenced from ie. GameObjects
Refreshing native plugins compatible for Editor in 10.63 ms, found 5 plugins.
Native extension for WindowsStandalone target not found
Native extension for WebGL target not found
[Package Manager] Failed to launch server process. Reason: Unity was launched with the -noUpm command-line argument
[Package Manager] Unable to send message (not connected to server process).
[Package Manager] Cannot connect to Unity Package Manager local server
[Package Manager] Failed to launch server process. Reason: Unity was launched with the -noUpm command-line argument
[Package Manager] Unable to send message (not connected to server process).
[Package Manager] Cannot connect to Unity Package Manager local server
ScheduleIndexationOnStartup MainProcess:False IndexOnStartup:True
Scripting: successfully reloaded assembly
- Finished resetting the current domain, in  2.602 seconds
Domain Reload Profiling: 6829ms
	BeginReloadAssembly (1106ms)
		DisableScriptedObjects (58ms)
		CreateAndSetChildDomain (195ms)
	RebuildCommonClasses (40ms)
	RebuildNativeTypeToScriptingClass (75ms)
	initialDomainReloadingComplete (289ms)
	LoadAllAssembliesAndSetupDomain (2715ms)
		LoadAssemblies (1842ms)
		TypeCache.Refresh (39ms)
		AnalyzeDomain (738ms)
			BuildScriptInfoCaches (717ms)
			ResolveRequiredComponents (16ms)
	FinalizeReload (2604ms)
		SetupLoadedEditorAssemblies (0ms)
			LogAssemblyErrors (5ms)
			InitializePlatformSupportModulesInManaged (6ms)
			BeforeProcessingInitializeOnLoad (409ms)
			ProcessInitializeOnLoadAttributes (972ms)
			ProcessInitializeOnLoadMethodAttributes (318ms)
			AfterProcessingInitializeOnLoad (47ms)
			EditorAssembliesLoaded (4ms)
		AwakeInstancesAfterBackupRestoration (62ms)
Refreshing native plugins compatible for Editor in 9.95 ms, found 5 plugins.
Unloading 24 Unused Serialized files (Serialized files now loaded: 0)
Unloading 7513 unused Assets / (6.3 MB). Loaded Objects now: 8527.
Memory consumption went from 416.1 MB to 409.8 MB.
Total: 23.089900 ms (FindLiveObjects: 2.417700 ms CreateObjectMapping: 1.322600 ms MarkObjects: 13.935600 ms  DeleteObjects: 4.631900 ms)

Prepare: number of updated asset objects reloaded= 0
========================================================================
Received Prepare
AcceleratorClientConnectionCallback - disconnected - :0
'Packages/com.unity.render-pipelines.core/Editor/Deprecated.cs' contains partial class of Unity.Object, exactly 1 of the partial classes needs to be in a file with the same filename. This is to know the one that can be referenced from ie. GameObjects
'Packages/com.unity.render-pipelines.core/Editor/Deprecated.cs' contains partial class of Unity.Object, exactly 1 of the partial classes needs to be in a file with the same filename. This is to know the one that can be referenced from ie. GameObjects
Refreshing native plugins compatible for Editor in 25.56 ms, found 5 plugins.
Unloading 24 Unused Serialized files (Serialized files now loaded: 0)
Unloading 7498 unused Assets / (5.4 MB). Loaded Objects now: 8527.
Memory consumption went from 418.0 MB to 412.6 MB.
Total: 44.977400 ms (FindLiveObjects: 3.448000 ms CreateObjectMapping: 2.446800 ms MarkObjects: 30.063000 ms  DeleteObjects: 7.817600 ms)

Prepare: number of updated asset objects reloaded= 0
========================================================================
Received Prepare
AcceleratorClientConnectionCallback - disconnected - :0
Begin MonoManager ReloadAssembly
'Packages/com.unity.render-pipelines.core/Editor/Deprecated.cs' contains partial class of Unity.Object, exactly 1 of the partial classes needs to be in a file with the same filename. This is to know the one that can be referenced from ie. GameObjects
'Packages/com.unity.render-pipelines.core/Editor/Deprecated.cs' contains partial class of Unity.Object, exactly 1 of the partial classes needs to be in a file with the same filename. This is to know the one that can be referenced from ie. GameObjects
Refreshing native plugins compatible for Editor in 9.15 ms, found 5 plugins.
Native extension for WindowsStandalone target not found
Native extension for WebGL target not found
[Package Manager] Failed to launch server process. Reason: Unity was launched with the -noUpm command-line argument
[Package Manager] Unable to send message (not connected to server process).
[Package Manager] Cannot connect to Unity Package Manager local server
[Package Manager] Failed to launch server process. Reason: Unity was launched with the -noUpm command-line argument
[Package Manager] Unable to send message (not connected to server process).
[Package Manager] Cannot connect to Unity Package Manager local server
ScheduleIndexationOnStartup MainProcess:False IndexOnStartup:True
Scripting: successfully reloaded assembly
- Finished resetting the current domain, in  3.093 seconds
Domain Reload Profiling: 7499ms
	BeginReloadAssembly (1104ms)
		DisableScriptedObjects (68ms)
		CreateAndSetChildDomain (176ms)
	RebuildCommonClasses (39ms)
	RebuildNativeTypeToScriptingClass (90ms)
	initialDomainReloadingComplete (361ms)
	LoadAllAssembliesAndSetupDomain (2808ms)
		LoadAssemblies (1803ms)
		TypeCache.Refresh (31ms)
		AnalyzeDomain (786ms)
			BuildScriptInfoCaches (765ms)
			ResolveRequiredComponents (16ms)
	FinalizeReload (3098ms)
		SetupLoadedEditorAssemblies (0ms)
			LogAssemblyErrors (10ms)
			InitializePlatformSupportModulesInManaged (8ms)
			BeforeProcessingInitializeOnLoad (475ms)
			ProcessInitializeOnLoadAttributes (1167ms)
			ProcessInitializeOnLoadMethodAttributes (370ms)
			AfterProcessingInitializeOnLoad (81ms)
			EditorAssembliesLoaded (13ms)
		AwakeInstancesAfterBackupRestoration (109ms)
Refreshing native plugins compatible for Editor in 19.01 ms, found 5 plugins.
Unloading 24 Unused Serialized files (Serialized files now loaded: 0)
Unloading 7513 unused Assets / (6.3 MB). Loaded Objects now: 8530.
Memory consumption went from 422.5 MB to 416.2 MB.
Total: 38.438700 ms (FindLiveObjects: 3.027500 ms CreateObjectMapping: 2.724500 ms MarkObjects: 24.949900 ms  DeleteObjects: 6.539000 ms)

Prepare: number of updated asset objects reloaded= 0
========================================================================
Received Prepare
AcceleratorClientConnectionCallback - disconnected - :0
'Packages/com.unity.render-pipelines.core/Editor/Deprecated.cs' contains partial class of Unity.Object, exactly 1 of the partial classes needs to be in a file with the same filename. This is to know the one that can be referenced from ie. GameObjects
'Packages/com.unity.render-pipelines.core/Editor/Deprecated.cs' contains partial class of Unity.Object, exactly 1 of the partial classes needs to be in a file with the same filename. This is to know the one that can be referenced from ie. GameObjects
Refreshing native plugins compatible for Editor in 8.63 ms, found 5 plugins.
Unloading 24 Unused Serialized files (Serialized files now loaded: 0)
Unloading 7498 unused Assets / (6.5 MB). Loaded Objects now: 8530.
Memory consumption went from 424.4 MB to 417.9 MB.
Total: 21.682200 ms (FindLiveObjects: 1.831100 ms CreateObjectMapping: 1.221500 ms MarkObjects: 14.217700 ms  DeleteObjects: 3.741400 ms)

Prepare: number of updated asset objects reloaded= 0
========================================================================
Received Prepare
AcceleratorClientConnectionCallback - disconnected - :0
[Licensing::Client] Successfully resolved entitlement details
Begin MonoManager ReloadAssembly
'Packages/com.unity.render-pipelines.core/Editor/Deprecated.cs' contains partial class of Unity.Object, exactly 1 of the partial classes needs to be in a file with the same filename. This is to know the one that can be referenced from ie. GameObjects
'Packages/com.unity.render-pipelines.core/Editor/Deprecated.cs' contains partial class of Unity.Object, exactly 1 of the partial classes needs to be in a file with the same filename. This is to know the one that can be referenced from ie. GameObjects
Refreshing native plugins compatible for Editor in 8.97 ms, found 5 plugins.
Native extension for WindowsStandalone target not found
Native extension for WebGL target not found
[Package Manager] Failed to launch server process. Reason: Unity was launched with the -noUpm command-line argument
[Package Manager] Unable to send message (not connected to server process).
[Package Manager] Cannot connect to Unity Package Manager local server
[Package Manager] Failed to launch server process. Reason: Unity was launched with the -noUpm command-line argument
[Package Manager] Unable to send message (not connected to server process).
[Package Manager] Cannot connect to Unity Package Manager local server
ScheduleIndexationOnStartup MainProcess:False IndexOnStartup:True
Scripting: successfully reloaded assembly
- Finished resetting the current domain, in  2.474 seconds
Domain Reload Profiling: 6252ms
	BeginReloadAssembly (916ms)
		DisableScriptedObjects (50ms)
		CreateAndSetChildDomain (130ms)
	RebuildCommonClasses (41ms)
	RebuildNativeTypeToScriptingClass (68ms)
	initialDomainReloadingComplete (310ms)
	LoadAllAssembliesAndSetupDomain (2440ms)
		LoadAssemblies (1614ms)
		TypeCache.Refresh (36ms)
		AnalyzeDomain (632ms)
			BuildScriptInfoCaches (608ms)
			ResolveRequiredComponents (19ms)
	FinalizeReload (2477ms)
		SetupLoadedEditorAssemblies (0ms)
			LogAssemblyErrors (5ms)
			InitializePlatformSupportModulesInManaged (7ms)
			BeforeProcessingInitializeOnLoad (380ms)
			ProcessInitializeOnLoadAttributes (927ms)
			ProcessInitializeOnLoadMethodAttributes (334ms)
			AfterProcessingInitializeOnLoad (53ms)
			EditorAssembliesLoaded (5ms)
		AwakeInstancesAfterBackupRestoration (81ms)
Refreshing native plugins compatible for Editor in 11.20 ms, found 5 plugins.
Unloading 24 Unused Serialized files (Serialized files now loaded: 0)
Unloading 7513 unused Assets / (6.3 MB). Loaded Objects now: 8533.
Memory consumption went from 429.3 MB to 423.0 MB.
Total: 26.055700 ms (FindLiveObjects: 2.325900 ms CreateObjectMapping: 1.989300 ms MarkObjects: 16.282300 ms  DeleteObjects: 4.605200 ms)

Prepare: number of updated asset objects reloaded= 0
========================================================================
Received Prepare
AcceleratorClientConnectionCallback - disconnected - :0
'Packages/com.unity.render-pipelines.core/Editor/Deprecated.cs' contains partial class of Unity.Object, exactly 1 of the partial classes needs to be in a file with the same filename. This is to know the one that can be referenced from ie. GameObjects
'Packages/com.unity.render-pipelines.core/Editor/Deprecated.cs' contains partial class of Unity.Object, exactly 1 of the partial classes needs to be in a file with the same filename. This is to know the one that can be referenced from ie. GameObjects
Refreshing native plugins compatible for Editor in 10.69 ms, found 5 plugins.
Unloading 24 Unused Serialized files (Serialized files now loaded: 0)
Unloading 7498 unused Assets / (6.3 MB). Loaded Objects now: 8533.
Memory consumption went from 431.2 MB to 424.9 MB.
Total: 22.762100 ms (FindLiveObjects: 2.144400 ms CreateObjectMapping: 1.354700 ms MarkObjects: 14.438500 ms  DeleteObjects: 4.066400 ms)

Prepare: number of updated asset objects reloaded= 0
========================================================================
Received Prepare
AcceleratorClientConnectionCallback - disconnected - :0
[Licensing::Client] Successfully resolved entitlement details
Begin MonoManager ReloadAssembly
'Packages/com.unity.render-pipelines.core/Editor/Deprecated.cs' contains partial class of Unity.Object, exactly 1 of the partial classes needs to be in a file with the same filename. This is to know the one that can be referenced from ie. GameObjects
'Packages/com.unity.render-pipelines.core/Editor/Deprecated.cs' contains partial class of Unity.Object, exactly 1 of the partial classes needs to be in a file with the same filename. This is to know the one that can be referenced from ie. GameObjects
Refreshing native plugins compatible for Editor in 8.54 ms, found 5 plugins.
Native extension for WindowsStandalone target not found
Native extension for WebGL target not found
[Package Manager] Failed to launch server process. Reason: Unity was launched with the -noUpm command-line argument
[Package Manager] Unable to send message (not connected to server process).
[Package Manager] Cannot connect to Unity Package Manager local server
[Package Manager] Failed to launch server process. Reason: Unity was launched with the -noUpm command-line argument
[Package Manager] Unable to send message (not connected to server process).
[Package Manager] Cannot connect to Unity Package Manager local server
ScheduleIndexationOnStartup MainProcess:False IndexOnStartup:True
Scripting: successfully reloaded assembly
- Finished resetting the current domain, in  2.595 seconds
Domain Reload Profiling: 6455ms
	BeginReloadAssembly (995ms)
		DisableScriptedObjects (66ms)
		CreateAndSetChildDomain (182ms)
	RebuildCommonClasses (31ms)
	RebuildNativeTypeToScriptingClass (53ms)
	initialDomainReloadingComplete (286ms)
	LoadAllAssembliesAndSetupDomain (2492ms)
		LoadAssemblies (1698ms)
		TypeCache.Refresh (33ms)
		AnalyzeDomain (578ms)
			BuildScriptInfoCaches (561ms)
			ResolveRequiredComponents (13ms)
	FinalizeReload (2598ms)
		SetupLoadedEditorAssemblies (0ms)
			LogAssemblyErrors (6ms)
			InitializePlatformSupportModulesInManaged (8ms)
			BeforeProcessingInitializeOnLoad (429ms)
			ProcessInitializeOnLoadAttributes (946ms)
			ProcessInitializeOnLoadMethodAttributes (357ms)
			AfterProcessingInitializeOnLoad (44ms)
			EditorAssembliesLoaded (5ms)
		AwakeInstancesAfterBackupRestoration (73ms)
Refreshing native plugins compatible for Editor in 14.04 ms, found 5 plugins.
Unloading 24 Unused Serialized files (Serialized files now loaded: 0)
Unloading 7513 unused Assets / (5.8 MB). Loaded Objects now: 8536.
Memory consumption went from 435.5 MB to 429.6 MB.
Total: 28.622600 ms (FindLiveObjects: 2.906200 ms CreateObjectMapping: 1.650900 ms MarkObjects: 18.789300 ms  DeleteObjects: 4.444400 ms)

Prepare: number of updated asset objects reloaded= 0
========================================================================
Received Prepare
AcceleratorClientConnectionCallback - disconnected - :0
'Packages/com.unity.render-pipelines.core/Editor/Deprecated.cs' contains partial class of Unity.Object, exactly 1 of the partial classes needs to be in a file with the same filename. This is to know the one that can be referenced from ie. GameObjects
'Packages/com.unity.render-pipelines.core/Editor/Deprecated.cs' contains partial class of Unity.Object, exactly 1 of the partial classes needs to be in a file with the same filename. This is to know the one that can be referenced from ie. GameObjects
Refreshing native plugins compatible for Editor in 12.17 ms, found 5 plugins.
Unloading 24 Unused Serialized files (Serialized files now loaded: 0)
Unloading 7498 unused Assets / (6.3 MB). Loaded Objects now: 8536.
Memory consumption went from 437.4 MB to 431.1 MB.
Total: 31.110300 ms (FindLiveObjects: 3.063000 ms CreateObjectMapping: 2.361700 ms MarkObjects: 19.998400 ms  DeleteObjects: 4.797800 ms)

Prepare: number of updated asset objects reloaded= 0
========================================================================
Received Prepare
AcceleratorClientConnectionCallback - disconnected - :0
[Licensing::Client] Successfully resolved entitlement details
Begin MonoManager ReloadAssembly
'Packages/com.unity.render-pipelines.core/Editor/Deprecated.cs' contains partial class of Unity.Object, exactly 1 of the partial classes needs to be in a file with the same filename. This is to know the one that can be referenced from ie. GameObjects
'Packages/com.unity.render-pipelines.core/Editor/Deprecated.cs' contains partial class of Unity.Object, exactly 1 of the partial classes needs to be in a file with the same filename. This is to know the one that can be referenced from ie. GameObjects
Refreshing native plugins compatible for Editor in 9.74 ms, found 5 plugins.
Native extension for WindowsStandalone target not found
Native extension for WebGL target not found
[Package Manager] Failed to launch server process. Reason: Unity was launched with the -noUpm command-line argument
[Package Manager] Unable to send message (not connected to server process).
[Package Manager] Cannot connect to Unity Package Manager local server
[Package Manager] Failed to launch server process. Reason: Unity was launched with the -noUpm command-line argument
[Package Manager] Unable to send message (not connected to server process).
[Package Manager] Cannot connect to Unity Package Manager local server
ScheduleIndexationOnStartup MainProcess:False IndexOnStartup:True
Scripting: successfully reloaded assembly
- Finished resetting the current domain, in  2.707 seconds
Domain Reload Profiling: 7627ms
	BeginReloadAssembly (1367ms)
		DisableScriptedObjects (78ms)
		CreateAndSetChildDomain (240ms)
	RebuildCommonClasses (45ms)
	RebuildNativeTypeToScriptingClass (93ms)
	initialDomainReloadingComplete (455ms)
	LoadAllAssembliesAndSetupDomain (2956ms)
		LoadAssemblies (2251ms)
		TypeCache.Refresh (33ms)
		AnalyzeDomain (702ms)
			BuildScriptInfoCaches (678ms)
			ResolveRequiredComponents (18ms)
	FinalizeReload (2710ms)
		SetupLoadedEditorAssemblies (0ms)
			LogAssemblyErrors (6ms)
			InitializePlatformSupportModulesInManaged (7ms)
			BeforeProcessingInitializeOnLoad (406ms)
			ProcessInitializeOnLoadAttributes (989ms)
			ProcessInitializeOnLoadMethodAttributes (361ms)
			AfterProcessingInitializeOnLoad (59ms)
			EditorAssembliesLoaded (7ms)
		AwakeInstancesAfterBackupRestoration (85ms)
Refreshing native plugins compatible for Editor in 14.55 ms, found 5 plugins.
Unloading 24 Unused Serialized files (Serialized files now loaded: 0)
Unloading 7513 unused Assets / (6.9 MB). Loaded Objects now: 8539.
Memory consumption went from 442.3 MB to 435.4 MB.
Total: 32.000100 ms (FindLiveObjects: 3.352800 ms CreateObjectMapping: 2.063800 ms MarkObjects: 19.053900 ms  DeleteObjects: 6.516400 ms)

Prepare: number of updated asset objects reloaded= 0
========================================================================
Received Prepare
AcceleratorClientConnectionCallback - disconnected - :0
Refreshing native plugins compatible for Editor in 10.59 ms, found 5 plugins.
Unloading 24 Unused Serialized files (Serialized files now loaded: 0)
Unloading 24 unused Assets / (3.1 MB). Loaded Objects now: 8539.
Memory consumption went from 438.9 MB to 435.8 MB.
Total: 20.594100 ms (FindLiveObjects: 1.555800 ms CreateObjectMapping: 0.573100 ms MarkObjects: 16.850600 ms  DeleteObjects: 0.833900 ms)

Prepare: number of updated asset objects reloaded= 0
Editor requested this worker to shutdown with reason: Editor is closing down
AcceleratorClientConnectionCallback - disconnected - :0
AssetImportWorker is now disconnected from the server
Process exiting
[ExitDontLaunchBugReporter] Exiting without the bug reporter. Application will exit with return code 0
